character,wubi,piyin
痃,uyx
癀,uam
膪,eupk
轷,ltuh
鳋,qgcj
垌,fmg
垌,fmgk
垲,fmn
垲,fmnn
狨,qtad
痃,uyxi
礤,dawi
礤,daw
骣,cnbb
骣,cnb
巛,vnnn
癀,uamw
岍,mgah
冱,ugxg
怊,nvkg
荮,axf
荮,axfu
冱,ugx
怊,nvk
绗,xtfh
蒈,axxr
尜,idiu
尜,idi
漭,iada
墚,fiv
篼,tqrq
铹,qap
圊,lged
牿,trtk
墚,fivs
铹,qapl
辁,lwgg
阢,bgqn
脎,eqsy
塥,fgk
耥,diik
漤,issv
稆,tkkg
稆,tkk
屺,mnn
舣,teyq
坶,fxg
坶,fxgu
脎,eqs
擗,rnku
擗,rnk
楗,svfp
搌,rnae
瞵,hoq
瞵,hoqh
醑,sgne
哳,krrh
阢,bgq
筻,tgjq
苘,amkf
毹,wgen
稂,tyve
佧,whh
佧,whhy
瓞,rcyw
稂,tyv
苘,amk
鲼,qgfm
荬,anud
脶,ekm
齄,thlg
脶,ekmw
钶,qsk
犏,trya
艴,xjq
掭,rgdn
猸,qtnh
柃,swyc
沲,itbn
沲,itb
踺,khvp
钶,qskg
艴,xjqc
軎,gjfk
骒,cjs
骒,cjsy
毳,tfnn
蟓,jqj
镥,qqg
帱,mhd
冁,ujfe
茚,aqgb
酾,sggy
戤,ecla
缲,xkks
镤,qog
沩,iyl
沩,iyly
镤,qogy
镥,qqgj
蟓,jqje
缲,xkk
帱,mhdf
镘,qjlc
耢,dial
铞,qkmh
镦,qyb
苠,ana
镘,qjl
痄,uthf
镦,qybt
苠,anab
檑,sfl
痖,ugog
酎,sgfy
謦,fnmy
蓰,athh
觜,hxq
铽,qany
蒉,akhm
掎,rds
掎,rdsk
腽,ejl
揞,rujg
觜,hxqe
腙,epfi
镲,qpwi
氍,hhwn
哜,kyj
哜,kyjh
疰,uygd
蓰,ath
蓠,aybc
鲒,qgfk
檑,sflg
腽,ejlg
剞,dskj
蔟,ayt
蔟,aytd
钷,qakg
揲,rans
鼢,vnuv
钷,qak
瘅,uujf
酴,sgwt
刭,cajh
挢,rtdj
瘼,uajd
瘊,uwn
铥,qtfc
瘊,uwnd
蒇,admt
楱,sdwd
猃,qtwi
箢,tpq
箢,tpqb
箅,tlgj
箅,tlg
觖,qenw
觖,qen
筢,trcb
仉,wmn
鳆,qgtt
葙,ashf
仳,wxx
耩,diff
筢,trc
仳,wxxn
痦,ugkd
蔸,aqrq
黪,lfoe
骟,cynn
葙,ash
眵,hqq
氕,rntr
筅,ttfq
廒,ygq
躔,khyf
洚,itah
洚,ita
搋,rrhm
廒,ygqt
劐,awyj
胲,eynw
泖,iqtb
泖,iqt
鬏,deto
眵,hqqy
筘,trkf
筘,trk
犋,trhw
糈,onh
茺,ayc
茺,aycq
滗,ittn
滗,itt
栝,stdg
殪,gqfu
黉,ipa
黉,ipaw
郐,wfcb
溻,ijn
糈,onhe
莛,atfp
瀹,iwga
哕,kmq
庳,yrt
庳,yrtf
唪,kdwh
哕,kmqy
鲣,qgjf
轵,lkw
唪,kdw
稃,tebg
恝,dhvn
颥,fdmm
篚,tadd
陧,bjfg
坜,fdln
陧,bjf
镙,qlxi
遘,fjgp
邶,uxb
耖,diit
镙,qlx
甍,alpn
绠,xgj
眭,hff
眭,hffg
鳘,txgg
绠,xgjq
坫,fhkg
镱,qujn
坜,fdl
邶,uxbh
礞,dape
镩,qpwh
礞,dap
舡,teag
蝤,jus
镩,qpw
觌,fnuq
赆,mnyu
茼,amg
舡,tea
茼,amgk
蝤,jusg
螗,jyvk
赆,mny
膦,eoq
耱,diyd
醅,sguk
洧,ideg
酹,sge
郇,qjbh
枧,smqn
郇,qjb
潲,iti
潲,itie
榀,skkk
榀,skk
酹,sgef
蜞,jadw
蜞,jad
赇,mfi
滠,ibcc
耱,diy
飑,mqqn
滠,ibc
岈,mah
赇,mfiy
膦,eoqh
澉,inb
耧,diov
澉,inbt
耧,dio
岈,maht
瘕,unh
篥,tss
唼,kuv
唼,kuvg
捃,rvtk
鳓,qgal
箦,tgmu
踣,khuk
篥,tssu
瘕,unhc
茈,ahxb
茈,ahx
捃,rvt
瞢,alph
礓,dgl
堠,fwnd
贶,mkqn
埭,fvi
贳,anmu
贳,anm
埏,fthp
埏,fth
憝,ybtn
臌,efkc
埭,fviy
礓,dglg
驵,ceg
柁,spx
驵,cegg
屦,ntov
瘳,unwe
柁,spxn
桄,siqn
茌,awff
腩,efm
圬,ffn
圬,ffnn
珧,giq
珧,giqn
腠,edw
铼,qgoy
贶,mkq
腠,edwd
腩,efmf
绋,xxj
兕,mmgq
埕,fkgg
绋,xxjh
仂,wln
阽,bhkg
埕,fkg
蕺,akbt
猹,qts
钲,qghg
爝,oelf
爝,oel
躜,khtm
璁,gtl
妤,vcbh
璁,gtln
赕,mooy
龠,wgka
揸,rsjg
揸,rsj
忭,nyhy
洫,itlg
擐,rlge
滏,iwqu
赕,moo
仝,waf
滏,iwq
邡,ybh
癃,ubtg
垤,fgc
汆,tyiu
垤,fgcf
蒽,aldn
堍,fqky
噍,kwyo
堍,fqk
眄,hghn
轺,lvkg
轺,lvk
狃,qtnf
汔,itn
邾,ribh
鼷,vnud
鬲,gkmh
酲,sgkg
埴,ffhg
铪,qwgk
眄,hgh
蠃,ynky
邾,rib
螵,jsfi
薤,agqg
纩,xyt
螵,jsf
脬,eeb
椐,sndg
鼯,vnuk
椐,snd
埘,fjfy
蔌,agk
唛,kgt
缳,xlge
鲞,udqg
夼,dkj
坭,fnx
郄,qdc
蔌,agkw
瘥,uuda
郄,qdcb
轹,lqi
脬,eebg
坭,fnxn
唛,kgty
轹,lqiy
瘵,uwfi
瘵,uwf
舄,vqo
舄,vqou
邴,gmwb
眍,haqy
眍,haq
绐,xckg
揠,rajv
铕,qdeg
蓣,acbm
钸,qdmh
恧,dmjn
絷,rvyi
裒,yveu
鲕,qgdj
搛,ruvo
黹,ogui
栳,sftx
柒,ias
绐,xck
陴,brtf
黟,lfoq
躐,khvn
谫,yuev
唣,kran
谫,yue
瘐,uvw
馘,uthg
唣,kra
陴,brt
橼,sxxe
埯,fdj
廑,yakg
瘐,uvwi
蓥,apqf
埯,fdjn
蜩,jmfk
埤,frt
埤,frtf
殂,gqe
殂,gqeg
泺,iqi
脞,eww
鲐,qgc
霪,fief
癍,ugy
劓,thlj
鲐,qgck
泺,iqiy
禊,pydd
癍,ugyg
耵,bsh
脞,ewwf
箐,tgef
箐,tge
攉,rfwy
镟,qyth
埸,fjq
铫,qiq
觏,fjgq
铫,qiqn
襦,pufj
瞍,hvhc
脒,eoy
瞍,hvh
埸,fjqr
蒹,auv
媵,eudv
鲻,qgvl
簋,tve
钬,qoy
幞,mho
颃,ymdm
幞,mhoy
蹯,khtl
箬,tadk
翮,gkmn
簋,tvel
蒹,auvo
箜,tpwa
墁,fjlc
柝,sryy
蜾,jjs
梃,stfp
攮,rgke
墁,fjl
摅,rhan
綮,ynti
蜾,jjsy
骢,ctl
眚,tghf
簏,tynx
垸,fpfq
垸,fpf
貅,eews
貅,eew
茇,adcu
舁,vaj
矧,tdxh
邗,fbh
茇,adc
箜,tpw
骢,ctln
鲩,qgpq
鲩,qgp
阼,bth
阼,bthf
蹁,khya
蓐,adff
聍,bps
喈,kxxr
铷,qvkg
铷,qvk
埝,fwyn
聍,bpsh
戋,gggt
蕞,ajbc
磉,dccs
磉,dcc
犰,qtvn
赙,mgef
蕞,ajb
赙,mge
狳,qtwt
卺,bigb
攴,hcu
嚆,kayk
忮,nfcy
蓁,adwt
嚆,kay
蝥,cbtj
篌,twnd
茆,aqtb
篌,twn
郫,rtfb
鲦,qgts
泐,ibl
瘗,uguf
掊,ruk
掊,rukg
拶,rvq
拶,rvqy
觫,qegi
觫,qeg
雩,ffnb
泐,ibln
刳,dfnj
琚,gndg
琚,gnd
檗,nkus
蒗,aiye
铟,qldy
狴,qtxf
儇,wlge
镡,qsjh
镨,quo
悃,nlsy
镨,quoj
悃,nls
麈,ynjg
坌,wvff
椠,lrs
塍,eudf
趱,fht
迮,thfp
埒,fef
埒,fefy
疬,udlv
趱,fhtm
陔,bynw
椠,lrsu
疬,udl
搦,rxu
芘,axx
帻,mhgm
鲴,qgld
芘,axxb
溷,iley
哚,kmsy
哚,kms
萜,amhk
鲽,qga
鲽,qgas
惝,nimk
髫,devk
毵,cden
惝,nim
酞,sgdy
埚,fkm
蛸,jieg
搠,rub
蛸,jie
筚,txxf
萏,aqvf
堙,fsfg
堙,fsf
玟,gyy
浍,iwfc
埚,fkmw
圉,lfuf
椟,sfn
踬,khrm
椟,sfnd
铗,qguw
菥,asr
菥,asrj
圉,lfu
慝,aadn
尢,dnv
溽,idff
舭,tex
艋,tebl
佾,wweg
舭,texx
佾,wwe
棰,stgf
棰,stg
蜱,jrtf
牾,trgk
蕻,adaw
狁,qtc
绁,xann
蜱,jrt
聱,gqtb
徂,tegg
铖,qdnt
撙,rus
岙,tdm
洎,ithg
圹,fyt
岙,tdmj
圯,fnn
貊,eedj
漶,ikkn
瞀,cbth
貊,eed
铊,qpx
撙,rusf
粞,osg
铊,qpxn
菝,ardc
缏,xwgq
柽,scfg
铖,qdn
菝,ard
胬,vcmw
溱,idwt
珙,gawy
珙,gaw
溱,idw
襞,nkue
酤,sgdg
荜,axxf
隈,blge
劁,wyoj
骀,cckg
樨,snih
昝,thjf
荇,atfh
昝,thj
垆,fhnt
铈,qymh
礅,dybt
礅,dyb
郗,qdmb
鳜,qgdw
骀,cck
觋,awwq
酡,sgp
镎,qwgr
腈,egeg
蕈,asj
扃,ynmk
坻,fqay
蕈,asjj
酡,sgpx
坻,fqa
茛,ave
茛,aveu
猱,qtcs
沔,ighn
檫,spwi
彖,xeu
砟,dth
砟,dthf
黻,oguc
蝰,jdff
眢,qbhf
骝,cqyl
缵,xtfm
沔,igh
躞,khoc
鹎,rtfg
犴,qtfh
蚺,jmf
氽,wiu
绂,xdcy
囝,lbd
祓,pydc
貔,eetx
绂,xdc
栲,sftn
襻,pusr
觇,hkm
趑,fhuw
觇,hkmq
钆,qnn
蝓,jwgj
珉,gnan
怍,nthf
仵,wtfh
氇,tfnj
棼,ssw
烀,otu
棼,sswv
糍,ouxx
怍,nth
珉,gna
糍,oux
氆,tfnj
柰,sfiu
镔,qprw
烀,otuh
镔,qpr
碲,duph
沭,isyy
铙,qat
铙,qatq
塄,flyn
潋,iwgt
鲳,qgjj
塄,fly
螋,jvhc
萆,artf
萆,art
孓,byi
劂,dubj
螋,jvh
坼,fryy
坼,fry
嫫,vajd
瘰,ulxi
谮,yaqj
疔,usk
糗,othd
栊,sdxn
栊,sdx
瘰,ulx
碥,dyna
吲,kxhh
戽,ynu
璺,wfmy
辋,lmu
璺,wfm
戽,ynuf
剡,ooj
辋,lmun
镝,qum
镝,qumd
剡,oojh
吲,kxh
箨,trch
畎,ldy
羝,udq
羝,udqy
鳐,qgem
妁,vqyy
妁,vqy
杩,scg
嶷,mxt
祧,pyiq
鹛,nhqg
鹛,nhq
淠,ilgj
嶷,mxth
骖,ccd
骖,ccde
枨,stay
枨,sta
葶,ayps
纛,gxf
葶,ayp
葳,adgt
鹋,alqg
萁,aadw
貘,eea
貘,eead
棹,shjh
葳,adg
呙,kmwu
棹,shj
侑,wdeg
纛,gxfi
侑,wde
鹇,usq
鹣,uvog
傺,wwfi
枘,smwy
甏,fkun
磲,dias
鹇,usqg
舴,tetf
鲭,qgge
枘,smw
坩,fafg
糨,oxk
糨,oxkj
忉,nvn
秕,txxn
墼,gjff
秕,txx
霈,fig
揎,rpg
荑,agxw
霈,figh
砑,daht
蝻,jfm
砑,dah
腧,ewgj
毽,tfnp
剀,mnjh
蝻,jfmf
怃,nfqn
嫜,vujh
薷,afdj
怃,nfq
剀,mnj
荑,agx
揎,rpgg
怿,ncfh
骐,cadw
蓊,awc
蓊,awcn
莶,awgi
娈,yov
娈,yovf
骺,merk
廨,yqe
垧,ftm
昃,jdwu
垧,ftmk
廨,yqeh
豳,eemk
昃,jdw
螓,jdwt
黥,lfoi
骺,mer
岽,mai
岽,maiu
瘌,ugkj
屣,nthh
佴,wbg
隰,bjxo
隰,bjx
醌,sgjx
獒,gqtd
葸,alnu
锫,qukg
髹,dews
髹,dew
悛,ncw
巯,cayq
巯,cay
桫,siit
桫,sii
艨,teae
悛,ncwt
猁,qtt
砼,dwa
砼,dwag
颡,cccm
桕,svg
桷,sqe
颟,agmm
跽,khnn
吖,kuh
桷,sqeh
吖,kuhh
镗,qipf
猞,qtwk
褙,puue
舳,temg
陬,bbc
锎,quga
陬,bbcy
洇,ildy
缋,xkh
耋,ftxf
叻,kln
蕤,aetg
缋,xkhm
芈,gjgh
徼,tryt
缍,xtg
燠,otm
顸,fdmy
哓,kat
燠,otmd
缍,xtgf
籀,trql
蚵,jskg
苈,adlb
苈,adl
耜,dinn
耜,din
郜,tfkb
歃,tfvw
澌,iadr
徼,try
蚵,jsk
戢,kbnt
渫,ians
欷,qdmw
轾,lgcf
轾,lgc
辂,ltkg
侉,wdfn
侉,wdf
麴,fwwo
趼,khga
锬,qooy
锬,qoo
檎,swyc
绡,xieg
茕,apn
镪,qxkj
钐,qet
茕,apnf
镪,qxk
蕹,ayxy
岜,mcb
绡,xie
缑,xwnd
缑,xwn
瑗,gefc
椹,sadn
蓍,aftj
旰,jfh
崦,mdj
崦,mdjn
菡,abib
阚,unbt
狺,qtyg
秭,ttnt
鲵,qgvq
蘧,aha
蘧,ahap
铌,qnx
铌,qnxn
悝,njfg
舯,tekh
阚,unb
舯,tek
豇,gkua
杌,sgqn
鄹,bctb
谳,yfm
钽,qjg
罨,ldjn
谳,yfmd
锔,qnnk
妣,vxx
妣,vxxn
莨,ayv
莨,ayve
钽,qjgg
筲,tief
尻,nvv
砘,dgbn
砘,dgb
蝾,japs
桴,sebg
滹,ihah
锘,qad
悫,fpmn
锇,qtrt
爨,wfmo
糌,othj
锖,qgeg
嵫,muxx
桴,seb
锘,qadk
柙,slh
嵫,mux
睚,hdff
晡,jgey
睚,hdf
槠,syfj
觚,qer
眙,hck
訾,hxy
觚,qery
莳,ajfu
撄,rmmv
俜,wmgn
撄,rmm
榍,snie
芴,aqrr
訾,hxyf
眙,hckg
菪,apd
锓,qvp
榍,sni
菰,abry
锓,qvpc
菰,abr
锞,qjs
跖,khdg
锞,qjsy
翥,ftjn
趵,khqy
跬,khff
皲,plhc
缌,xlny
皲,plh
僬,wwyo
彘,xgxx
祆,pygd
彘,xgx
胩,ehh
暾,jybt
鲥,qgjf
胩,ehhy
暾,jyb
旄,yttn
檠,aqks
荦,aprh
荦,apr
伛,waqy
脔,yomw
艟,teuf
垓,fynw
荸,afpb
锪,qqr
锪,qqrn
苒,amf
苒,amff
甓,nkun
镄,qxj
镄,qxjm
溲,ivh
溲,ivhc
孥,vcbf
筌,twgf
鸸,dmjg
涠,ilf
邳,gigb
璩,ghae
敉,oty
羼,nudd
镓,qpey
窬,pwwj
骘,bhic
镓,qpe
吣,kny
缧,xlxi
赉,gom
赉,gomu
谂,ywyn
畋,lty
镬,qawc
溏,iyvk
喹,kdff
茭,auqu
窆,pwtp
鸲,qkqg
喹,kdf
姝,vri
髟,det
鲔,qgde
橥,qtfs
姝,vriy
硇,dtlq
硇,dtl
哿,lksk
哏,kvey
锍,qycq
鞲,afff
藁,ayms
猡,qtlq
漯,ilxi
皤,rtol
殍,gqeb
哏,kve
漯,ilx
旒,ytyq
肜,eet
硭,dayn
踟,khtk
蒴,aub
膂,ytee
硭,day
蒴,aube
鲷,qgmk
杪,sitt
蒡,aupy
杪,sit
鲷,qgm
酽,sggd
砬,dug
铑,qftx
煺,ovep
煺,ove
蟥,jamw
氙,rnm
瓿,ukgn
黼,oguy
氙,rnmj
蹀,khas
蟥,jam
瓿,ukg
刿,mqjh
搴,pfjr
镅,qnhg
垴,fybh
祢,pyqi
锝,qjgf
磴,dwgu
豉,gkuc
镅,qnh
葜,adhd
湓,iwvl
薅,avdf
艚,tegj
暝,jpju
尕,eiu
殄,gqwe
祢,pyq
殳,mcu
唢,kimy
醐,sgde
馇,qnsg
馇,qns
唢,kim
獍,qtuq
仡,wtnn
菘,aswc
仡,wtn
菘,asw
栌,shnt
醭,sgoy
濞,ithj
砜,dmqy
炻,odg
哙,kwfc
楮,sftj
鳇,qgr
桤,smnn
鳇,qgrg
迓,ahtp
疳,uafd
眇,hitt
眇,hit
逄,tah
逄,tahp
磙,duce
疳,uaf
磙,duc
戥,jtga
睥,hrt
驺,cqvg
睥,hrtf
驽,vcc
驽,vccf
筇,tabj
辚,loq
辚,loqh
驺,cqv
筇,tab
髀,merf
鸺,wsq
鸺,wsqg
醍,sgjh
篁,trgf
褰,pfje
锱,qvl
炱,cko
葚,aadn
炱,ckou
瀣,ihq
睃,hcw
皴,cwtc
睃,hcwt
戗,wbat
嵯,muda
瀣,ihqg
泮,iufh
戗,wba
嵯,mud
轫,lvyy
泮,iuf
遄,mdm
轫,lvy
莩,aebf
遄,mdmp
逭,pnhp
锿,qyey
浼,iqk
幛,mhuj
钫,qyn
锼,qvhc
钯,qcn
岣,mqkg
铒,qbg
麇,ynjt
蚍,jxxn
癔,uujn
敫,ryty
浼,iqkq
岣,mqk
蓼,anwe
蓼,anw
穸,pwqu
瑷,gepc
穸,pwq
葑,afff
篦,ttlx
钔,qun
樘,sipf
樘,sip
甯,pnej
甯,pne
褊,puya
渖,ipj
玎,gsh
燹,eeou
阊,ujjd
湔,iuej
舾,tesg
燹,eeo
湔,iue
猊,qtvq
锊,qefy
嘬,kjb
渖,ipjh
庹,yany
籼,omh
嘬,kjbc
鹪,wyog
甾,vlf
缡,xybc
澶,iylg
钇,qnn
缡,xyb
鲚,qgyj
欹,dskw
铯,qqcn
瞽,fkuh
崤,mqde
鞔,afqq
捭,rrt
挹,rkcn
挹,rkc
鬟,del
钎,qtf
鬟,dele
悱,ndjd
胙,ethf
糇,own
糇,ownd
胙,eth
芑,anb
盱,hgf
溘,ifcl
朊,efq
裣,puwi
朊,efqn
鳙,qgyh
秫,tsyy
箪,tujf
秫,tsy
泔,iafg
酃,fkkb
喱,kdjf
赀,hxm
迕,tfpk
铋,qntt
仫,wtcy
蒌,aovf
曩,jyk
泔,iaf
赀,hxmu
酃,fkk
曩,jyke
蒌,aov
黧,tqto
塬,fdr
谵,yqdy
沆,iymn
鄞,akgb
肭,emw
溧,issy
肭,emwy
嫒,vepc
呖,kdln
呖,kdl
缣,xuvo
窭,pwov
缣,xuv
嬲,llv
沆,iym
嬲,llvl
鹈,uxhg
鹱,qync
窭,pwo
偬,wqrn
畀,lgj
嚯,kfwy
猗,qtdk
畀,lgjj
硖,dguw
堞,fan
逑,fiyp
嵛,mwg
嵛,mwgj
堞,fans
噻,kpff
噻,kpf
尥,dnq
逯,vipi
尥,dnqy
辊,ljx
酐,sgfh
銎,amyq
玢,gwvn
玢,gwv
辊,ljxx
泫,iyxy
辊,lj
泫,iyx
墀,fnih
墀,fni
槔,srdf
蛲,jatq
隹,wyg
蘼,aysd
衄,tlnf
曛,jtgo
槔,srd
犸,qtcg
鹾,hlqa
莪,atrt
砀,dnrt
砀,dnr
螽,tujj
莪,atr
苊,adb
捩,rynd
蹉,khua
苊,adbb
嵝,movg
邰,ckbh
邰,ckb
汜,inn
窳,pwry
庀,yxv
蚰,jmg
蘩,atxi
煳,odeg
嵝,mov
泶,ipi
泶,ipiu
炅,jou
虮,jmn
瓠,dfny
狍,qtqn
绨,xuxt
憷,nssh
袼,putk
蕖,aias
锛,qdf
帏,mhfh
帏,mhf
锛,qdfa
儋,wqd
窨,pwuj
憷,nss
儋,wqdy
疠,udnv
缱,xkhp
晷,jthk
冼,utfq
冼,utf
狲,qtbi
痧,uii
痧,uiit
缇,xjg
缇,xjgh
崞,myb
崞,mybg
蝣,jytb
裎,pukg
裎,puk
偾,wfam
眦,hhxn
眦,hhx
璎,gmmv
偾,wfa
铳,qyc
呒,kfq
拊,rwfy
猢,qtde
拊,rwf
罾,lul
罾,lulj
椁,syb
撺,rpwh
狯,qtwc
滁,ibw
呒,kfqn
榱,syke
榱,syk
椁,sybg
唿,kqrn
侔,wcr
麸,gqfw
疴,uskd
郾,ajvb
岿,mjv
郾,ajv
岿,mjvf
侔,wcrh
砹,daqy
薨,alpx
鳔,qgs
罱,lfmf
罱,lfm
镞,qytd
堇,akgf
婧,vgeg
脘,epfq
蹰,khdf
脘,epf
陟,bhi
扦,rtfh
婧,vge
陟,bhit
暌,jwgd
鐾,nkuq
锗,qftj
廛,yjf
墉,fyvh
醵,sghe
哌,kre
哌,krey
衿,puwn
廛,yjff
跫,amyh
粢,uqwo
锗,qft
裼,pujr
蝽,jdwj
愦,nkhm
傧,wpr
嫘,vlx
嫘,vlxi
傧,wprw
钌,qbh
喁,kjmy
罟,ldf
喁,kjm
衽,putf
葭,anhc
萋,agvv
殛,gqbg
萋,agv
殛,gqb
裉,puve
狷,qtke
鼗,iqf
鼗,iqfc
粝,odd
鳢,qgmu
粝,oddn
楝,sgl
螬,jgmj
髑,mel
髑,melj
蚶,jaf
痱,udjd
摭,ryao
楝,sgli
摭,rya
帔,mhhc
倬,whjh
钭,qufh
怫,nxjh
缯,xul
荽,aev
荽,aevf
钭,quf
缯,xulj
怫,nxj
窀,pwgn
肷,eqw
瓴,wycn
岵,mdg
肷,eqwy
陉,bca
薹,afkf
陉,bcag
喾,iptk
铍,qhc
喾,ipt
戆,ujtn
蜉,jeb
蜉,jebg
铍,qhcy
钣,qrc
蜣,judn
诼,yey
钣,qrcy
耒,dii
嬖,nkuv
笄,tgaj
跣,khtq
诼,yeyy
茔,apff
疃,luj
珲,gpl
珲,gplh
疃,lujf
杓,sqyy
蠛,jalt
楦,spg
蛏,jcfg
楸,stoy
蠛,jal
髌,mepw
甙,aafd
楦,spgg
楸,sto
艽,avb
枵,skg
醣,sgyk
粜,bmou
粜,bmo
倥,wpwa
荠,ayjj
枵,skgn
魈,rqce
倥,wpw
昴,jqtb
昴,jqt
舨,terc
怙,ndg
焯,ohj
羧,udct
垡,waff
腚,epgh
腚,epg
嘏,dnh
嘏,dnhc
鼙,fkuf
焯,ohjh
荏,awtf
骱,mewj
澍,ifkf
唳,kynd
骱,mew
韫,fnhl
伧,wwbn
蘖,awns
蚬,jmq
蚬,jmqn
鸶,xxgg
檩,syli
倮,wjsy
倮,wjs
蘅,atqh
莼,axg
亓,fjj
莼,axgn
嘞,kaf
镆,qajd
嘞,kafl
缒,xwnp
啉,kssy
焐,ogk
绲,xjx
噌,kulj
噌,kul
芊,atfj
膻,eyl
芊,atf
膻,eylg
嫱,vfuk
啉,kss
绲,xjxx
焐,ogkg
俅,wfiy
罴,lfco
镛,qyvh
洮,iiqn
隳,bdan
芤,abnb
胼,euah
胼,eua
怛,njg
芤,abn
洮,iiq
怛,njgg
鸫,aiqg
坨,fpxn
盍,fclf
羰,udm
哞,kcr
徜,tim
徜,timk
羰,udmo
洳,ivkg
渑,ikjn
渑,ikj
菽,ahic
灞,ifae
哞,kcrh
灞,ifa
踯,khub
钋,qhy
萘,adfi
縻,yssi
褫,purm
慊,nuvo
慊,nuv
鸫,aiq
菽,ahi
躅,khlj
菹,aieg
胂,ejhh
佥,wgif
煅,owd
煅,owdc
螯,gqtj
菹,aie
鲠,qggq
嶝,mwgu
罘,lgiu
罘,lgi
煸,oyna
镫,qwgu
蔻,apfl
砗,dlh
钕,qvg
泠,iwyc
伥,wtay
遒,usgp
孬,giv
伥,wta
狎,qtl
谰,yug
滟,idhc
齑,ydjj
鄄,sfbh
谰,yugi
鄄,sfb
磔,dqas
綦,adwi
聃,bmfg
闫,udd
谇,yyw
谇,yywf
狎,qtlh
鲡,qggy
獬,qtqh
娆,vatq
娆,vat
菔,aebc
捌,rklj
柘,sdg
篪,trhm
稞,tjsy
鲲,qgjx
鹁,fpbg
耪,diuy
畚,cdl
觳,fpgc
鬯,qob
鬯,qobx
龀,hwbx
砻,dxdf
籴,tyo
骜,gqtc
籴,tyou
蜮,jak
黢,lfot
劢,dnl
砻,dxd
劢,dnln
蜮,jakg
艏,teuh
艏,teu
糁,ocd
糁,ocde
鼍,kkl
咴,kdoy
筮,taww
筮,taw
鼍,kkln
咴,kdo
肄,xtdh
艉,ten
艉,tenn
蛑,jcr
埙,fkmy
蛑,jcrh
犍,trvp
犍,trv
虿,dnju
悒,nkc
悒,nkcn
啁,kmf
啁,kmfk
锩,qudb
硌,dtk
硌,dtkg
帑,vcm
雠,wyyy
糅,ocbs
雠,wyy
帑,vcmh
怄,naq
糅,ocb
缗,xnaj
怄,naqy
硗,dat
镧,qugi
硗,datq
矬,tdw
矬,tdwf
缗,xna
鸱,qayg
碡,dgx
碡,dgxu
寤,pnhk
虺,gqji
裥,puuj
铧,qwx
榇,susy
诶,yctd
铧,qwxf
薜,anku
薜,ank
榇,sus
诶,yct
蝼,jov
跆,khck
宄,pvb
樗,sffn
仞,wvy
钼,qhg
奁,daqu
奁,daq
鲰,qgbc
仞,wvyy
熳,ojl
睇,huxt
蝼,jovg
轳,lhnt
熳,ojlc
轸,lwe
瘿,umm
瘿,ummv
肫,egbn
嵬,mrqc
嵬,mrq
肟,efn
肟,efnn
肫,egb
繇,ermi
螭,jybc
钺,qant
勰,llln
洙,iri
徉,tudh
佤,wgnn
徉,tud
鞒,aftj
氡,rntu
厍,dlk
癯,uhh
洙,iriy
佤,wgn
癯,uhhy
锆,qtfk
胗,ewe
胗,ewet
苴,aeg
缃,xsh
缃,xshg
颛,mdmm
凼,ibk
晟,jdn
晟,jdnt
佶,wfkg
鲱,qgdd
苴,aegf
茱,ari
訇,qyd
鹨,nweg
悭,njc
悭,njcf
啖,kooy
茱,ariu
朐,eqk
愀,ntoy
蛘,jud
朐,eqkg
蛘,judh
愀,nto
畈,lrc
畈,lrcy
啖,koo
刖,ejh
椴,swd
擀,rfj
擀,rfjf
箧,tagw
貉,eetk
铄,qqi
铄,qqiy
椴,swdc
鲮,qgft
湫,itoy
逦,gmyp
浞,ikhy
愍,natn
畛,lwet
涑,igki
勐,bll
卣,hlnf
卣,hln
玳,gway
玳,gwa
粳,ogjq
粳,ogj
勐,blln
掴,rlgy
赧,fobc
嗾,kytd
嗾,kyt
圄,lgkd
硷,dwgi
苎,apgf
匏,dfnn
彀,fpgc
芟,amcu
仟,wtfh
廪,yyli
圮,fnn
跗,khwf
崃,mgoy
芟,amc
笱,tqk
鲅,qgdc
笱,tqkf
擘,nkur
崃,mgo
旆,ytgh
僦,wyin
哔,kxxf
珐,gfc
牯,trdg
珐,gfcy
钪,qymn
屙,nbs
旆,ytg
佰,wdj
屙,nbsk
掾,rxey
僦,wyi
掾,rxe
炷,oygg
炷,oyg
硐,dmg
裾,pund
槲,sqef
炝,owb
锸,qtfv
栀,srgb
硐,dmgk
羸,ynky
乇,tav
侪,wyjh
炝,owbn
鹂,gmyg
嵴,miwe
嵴,miw
侪,wyj
痍,ugxw
熘,oqyl
鞴,afae
昀,jqug
疖,ubk
昀,jqu
蟊,cbtj
獯,qtto
鼬,vnum
雎,egw
苤,agi
鞫,afqy
峄,mcf
苤,agig
鲋,qgw
峄,mcfh
桡,satq
鲋,qgwf
桡,sat
痼,uldd
痼,uld
胨,eai
膈,egkh
锑,qux
赅,mynw
贽,rvym
镊,qbcc
赅,myn
镊,qbc
鳊,qgya
锑,quxt
胨,eaiy
膈,egk
囹,lwy
囹,lwyc
茴,alkf
脲,eni
脲,eniy
揶,rbbh
呦,kxl
呦,kxln
嗌,kuwl
螈,jdr
嗌,kuw
揶,rbb
螈,jdri
蛱,jguw
幂,pjd
桁,stfh
幂,pjdh
郴,ssbh
郴,ssb
蛱,jgu
僳,wsoy
僳,wso
诎,ybmh
獐,qtuj
箝,traf
鳏,qgli
疝,umk
崾,msvg
潴,iqtj
堀,fnbm
崾,msv
碓,dwyg
溆,iwtc
鬣,devn
鹆,wwkg
呲,khxn
帙,mhrw
牖,thgy
硪,dtr
擤,rth
铆,qqt
擤,rthj
醢,sgdl
柢,sqay
柢,sqa
铆,qqtb
阃,uls
莸,aqtn
浯,igkg
饴,qnck
枇,sxxn
焱,ooou
饴,qnc
阃,ulsi
蠊,jyu
嗉,kgxi
蠊,jyuo
芫,afqb
笊,trhy
趸,dnkh
鹩,dujg
妯,vmg
趸,dnk
驷,clg
舢,temh
牦,trtn
锒,qyve
阆,uyv
郓,plb
琮,gpf
郓,plbh
砩,dxjh
蕲,aujr
阆,uyve
锕,qbsk
蠲,uwlj
砩,dxj
琮,gpfi
锕,qbs
纨,xvyy
芰,afcu
磬,fnmd
笸,takf
缶,rmk
鸷,rvyg
瘘,uovd
苄,ayh
苄,ayhu
卮,rgbv
瘘,uov
苕,avkf
跹,khtp
垭,fgog
菀,apqb
骠,csfi
骠,csf
垭,fgo
袷,puwk
鬻,xoxh
蜢,jblg
蜢,jbl
珩,gtf
珩,gtfh
钹,qdcy
蒺,autd
蒺,aut
醚,sgop
禳,pyye
鹧,yaog
鏊,gqtq
吒,ktan
舻,teh
舻,tehn
醚,sgo
蜍,jwt
枳,skw
蜍,jwty
搿,rwgr
庥,ywsi
蔺,auwy
蔺,auw
槊,ubts
堋,feeg
腭,ekkn
堋,fee
跞,khqi
魍,rqcn
庥,yws
缁,xvlg
鹕,deqg
鹕,deq
笮,tthf
缁,xvl
腭,ekk
枥,sdl
枥,sdln
笮,tth
髂,mep
髂,mepk
镢,qduw
纡,xgfh
傈,wssy
旮,vjf
汊,icyy
垅,fdxn
垅,fdx
纡,xgf
傈,wss
娉,vmgn
缟,xym
缟,xymk
忪,nwc
桉,spv
姹,vpt
桉,spvg
忪,nwcy
氘,rnjj
阍,uqaj
氘,rnj
阍,uqa
姹,vpta
氪,rndq
纰,xxxn
荛,aat
荛,aatq
鳟,qguf
蟛,jfke
馓,qnat
踅,rrkh
鄢,ghgb
乜,nnv
瑭,gyvk
魃,rqcc
逖,qtop
绔,xdf
绔,xdfn
镒,quwl
讵,yang
骓,cwyg
餮,gqwe
镒,quw
枋,syn
榧,sadd
跎,khpx
笾,tlpu
囵,lwxv
裰,pucc
曷,jqwn
笾,tlp
簟,tsj
巽,nnaw
柞,sth
柞,sthf
簟,tsjj
巽,nna
嗍,kub
嗍,kube
莠,ateb
莠,ate
旯,jvb
赍,fww
阌,uepc
赍,fwwm
莴,akm
圜,llge
涪,iuk
圜,llg
涪,iukg
莴,akmw
箸,tft
趿,khey
菅,apnn
裢,pulp
裢,pul
嵊,mtu
莜,awh
凫,qynm
侩,wwfc
挲,iitr
鼋,fqkn
笪,tjgf
郯,oob
莜,awht
诔,ydiy
郯,oobh
韪,jghh
黾,kjn
黾,kjnb
踽,khty
袢,puuf
杷,scn
砉,dhdf
笳,tlkf
挈,dhvr
袢,puu
蚋,jmwy
姒,vny
姒,vnyw
蚋,jmw
靛,geph
菖,ajjf
卟,khy
聩,bkhm
矽,dqy
愆,tifn
岘,mmqn
聩,bkh
讧,yag
焖,ouny
掼,rxf
焖,oun
掼,rxfm
芡,aqw
嫠,fitv
肼,efj
鄯,udub
肼,efjh
峤,mtdj
嫠,fit
邬,qngb
媪,vjlg
媪,vjl
讦,yfh
鲛,qguq
菟,aqky
阗,ufh
阗,ufhw
濉,ihwy
螟,jpj
螟,jpju
濉,ihw
殇,gqtr
篑,tkhm
醪,sgne
逶,tvp
逶,tvpd
鸹,tdq
鸹,tdqg
缦,xjlc
缦,xjl
恹,nddy
绱,ximk
呋,kfw
绱,xim
旃,ytmy
婺,cbtv
囟,tlqi
锶,qln
锶,qlny
瓯,aqgn
鄣,ujbh
鄣,ujb
酩,sgqk
缬,xfkm
鎏,iycq
恁,wtfn
殚,gquf
殚,gqu
藿,afwy
钿,qlg
倨,wnd
钏,qkh
厣,ddlk
佻,wiqn
佻,wiq
厣,ddl
黩,lfod
倨,wndg
蠓,jape
嘌,ksf
嘌,ksfi
蠓,jap
饩,qnrn
葩,arc
芗,axt
谯,ywyo
菸,aywu
葩,arcb
踔,khhj
妗,vwy
莒,akkf
萸,avw
稔,twyn
谠,yip
萸,avwu
妗,vwyn
蚧,jwj
阡,btfh
穰,tyk
穰,tyke
蚧,jwjh
餍,ddwe
阡,btf
餍,ddw
谠,yipq
阒,uhdi
阒,uhd
舂,dwvf
舂,dwv
鸩,pqq
饫,qntd
钒,qmyy
鸩,pqqg
槎,suda
呔,kdyy
觞,qetr
雒,tkwy
芄,avy
芄,avyu
琰,gooy
苌,ata
苌,atay
琰,goo
抻,rjhh
臬,thsu
臬,ths
抻,rjh
矍,hhw
矍,hhwc
鹚,uxxg
龆,hwbk
潸,isse
鲶,qgwn
浠,iqdh
噱,khae
跏,khlk
郦,gmyb
芎,axb
鲧,qgti
槿,sak
嘧,kpn
恂,nqjg
嘧,kpnm
谪,yum
谪,yumd
恂,nqj
鲢,qglp
槿,sakg
绀,xafg
绀,xaf
刎,qrjh
刎,qrj
碚,duk
芏,aff
碚,dukg
琊,gahb
鳕,qgfv
洱,ibg
咭,kfkg
劬,qkln
囫,lqr
劬,qkl
囫,lqre
崮,mldf
樯,sfuk
蹼,khoy
脍,ewfc
衾,wyne
畲,wfil
枰,sguh
樯,sfu
崮,mld
蹼,kho
脍,ewf
枰,sgu
阏,uywu
铵,qpv
鬈,deu
鬈,deub
钤,qwyn
铵,qpvg
鹜,cbtg
戬,goga
胍,erc
汨,ijg
胍,ercy
闳,udci
黍,twiu
芾,agm
芾,agmh
闳,udc
淝,iecn
黍,twi
鲎,ipqg
潆,iapi
髋,mepq
淝,iec
鞣,afcs
岢,msk
岢,mskf
髁,mejs
聒,btdg
髁,mej
聒,btd
玖,gqy
氅,imkn
玖,gqyy
逋,gehp
粽,opfi
蹇,pfjh
诂,ydg
遴,oqa
佝,wqkg
翕,wgkn
珏,ggy
郛,ebb
佝,wqk
郛,ebbh
遴,oqap
珈,glk
颀,rdm
虼,jtn
颀,rdmy
珈,glkg
虼,jtnn
壅,yxtf
羟,udca
毖,xxnt
吡,kxx
吡,kxxn
玮,gfn
玮,gfnh
缛,xdff
瓤,ykky
氚,rnkj
碇,dpgh
荥,apiu
娌,vjfg
涫,ipnn
涫,ipn
臁,eyuo
臁,eyu
毂,fplc
荥,api
毂,fpl
旎,ytnx
魉,rqcw
忤,ntfh
遢,jnpd
辇,fwfl
遢,jnp
瘛,udhn
疥,uwj
颞,bccm
荞,atdj
夤,qpgw
砝,dfcy
嘣,kme
嘣,kmee
苜,ahf
疥,uwjk
灏,ijym
嗄,kdht
牝,trx
鲆,qgg
鲆,qggh
蛄,jdg
濠,iype
濠,iyp
牝,trxn
忾,nrn
襁,pux
襁,puxj
腱,evfp
棂,svoy
棂,svo
杼,scbh
崧,msw
龃,hwbg
崧,mswc
杼,scb
哐,kag
劭,vkl
哐,kagg
劭,vkln
遑,rgpd
螫,fotj
饔,yxte
遑,rgp
颢,jyi
颢,jyim
镉,qgkh
蠖,jawc
饧,qnnr
诹,ybcy
诹,ybc
鸪,dqyg
蛩,amyj
啭,klfy
橛,sdu
崆,mpw
掮,ryne
崆,mpwa
鸨,xfqg
矸,dfh
圻,frh
缂,xafh
蒯,aeej
庾,yvwi
鸨,xfq
飚,mqo
飚,mqoo
伉,wym
屐,ntfc
伉,wymn
蛞,jtdg
溴,ithd
逡,cwtp
孱,nbbb
跸,khxf
孱,nbb
砦,hxdf
砦,hxd
俳,wdjd
逡,cwt
茑,aqyg
诖,yffg
祜,pydg
媸,vbh
媸,vbhj
蚴,jxln
蚴,jxl
勖,jhln
勖,jhl
蛴,jyjh
蛴,jyj
泷,idx
赜,ahkm
炔,onwy
誊,udyf
仃,wsh
泷,idxn
葺,akbf
炔,onw
葺,akb
蚨,jfwy
缢,xuwl
酆,dhdb
趔,fhgj
褓,puws
翳,atdn
蚨,jfw
缢,xuw
浃,igu
峥,mqvh
烊,oudh
峥,mqv
烊,oud
徭,term
匦,alv
匦,alvv
蓖,atl
蓖,atlx
笤,tvkf
笤,tvk
豕,egty
砒,dxxn
砒,dxx
羯,udjn
鲂,qgyn
豕,egt
镏,qqyl
痈,uek
稹,tfhw
蹴,khyn
歙,wgkw
淬,iywf
邈,eerp
悌,nux
悌,nuxt
婕,vgv
婕,vgvh
槭,sdht
隗,brq
隗,brqc
姘,vuah
姘,vua
诓,yagg
錾,lrqf
錾,lrq
猷,usgd
舸,tesk
舸,tes
竽,tgf
竽,tgfj
芨,aeyu
鼹,vnuv
莆,age
莆,agey
砣,dpxn
砣,dpx
碜,dcde
碜,dcd
菏,aisk
菏,ais
芨,aey
阕,uwgd
俣,wkgd
笫,ttnt
俣,wkg
痤,uww
鸢,aqyg
肱,edcy
肱,edc
嬷,vysc
嬷,vys
痤,uwwf
龉,hwbk
稗,trtf
锴,qxx
氩,rngg
烃,oc
锴,qxxr
烃,ocag
烃,oca
謇,pfjy
榫,swyf
蟪,jgjn
绦,xtsy
绦,xts
俎,wweg
邋,vlq
沤,iaqy
沤,iaq
邋,vlqp
昶,ynij
焓,owy
秣,tgsy
秣,tgs
焓,owyk
痂,ulkd
耨,didf
爰,eftc
遨,gqtp
阋,uvqv
兖,ucq
兖,ucqb
阋,uvq
爰,eft
耨,did
艄,teie
馔,qnnw
篾,tldt
邛,abh
褡,puak
膘,esf
膘,esfi
褡,pua
覃,sjj
耦,dijy
痨,uapl
耦,dij
轭,ldbn
蚝,jtfn
蚝,jtf
轭,ldb
渚,ift
鹬,cbtg
渚,iftj
颏,yntm
孳,uxxb
苡,any
醴,sgmu
苡,anyw
锂,qjf
弭,xbg
浔,ivfy
妪,vaqy
妪,vaq
嶂,muj
锂,qjfg
嶂,mujh
喑,kujg
喑,kuj
湟,irgg
甑,uljn
鼐,ehn
炜,ofnh
炜,ofn
笕,tmqb
锉,qww
煲,wkso
笏,tqrr
笏,tqr
蝈,jlg
羿,naj
蝈,jlgy
纥,xtnn
靥,dddl
煨,olge
煨,olg
礴,dai
鏖,ynjq
礴,daif
唁,kyg
裱,puge
颦,hidf
嬗,vylg
硎,dgaj
诟,yrgk
旖,ytdk
硒,dsg
诟,yrg
衮,uceu
缙,xgoj
厝,dajd
氤,rnl
莅,awuf
厝,daj
氤,rnld
杲,jsu
肓,ynef
揿,rqq
揿,rqqw
薮,aovt
绌,xbm
桠,sgog
绌,xbmh
傥,wipq
袈,lkye
妲,vjg
妲,vjgg
袈,lky
烩,owfc
烩,owf
幄,mhnf
虢,efhm
戕,nhda
骊,cgm
闼,udpi
骊,cgmy
蜊,jtjh
蜊,jtj
锃,qkgg
谲,ycbk
苋,amq
钨,qqn
苋,amqb
锃,qkg
峁,mqt
戡,adwa
峁,mqtb
骞,pfjc
渌,iviy
忸,nnf
髭,deh
渌,ivi
忸,nnfg
髭,dehx
粲,hqco
骶,meqy
铉,qyxy
铉,qyx
郧,kmbh
呤,kwyc
燧,ouep
燧,oue
倜,wmfk
倜,wmf
郧,kmb
泱,imdy
陲,btgf
趄,fheg
骅,cwxf
趄,fhe
骅,cwx
鹘,meqg
鹘,meq
祚,pyt
祚,pytf
阄,uqj
畦,lffg
剐,kmwj
陂,bhc
陂,bhcy
畦,lff
阄,uqjn
闶,uymv
酊,sgsh
魑,rqcc
酊,sgs
醛,sgag
碛,dgm
碛,dgmy
铣,qtfq
铱,qye
楫,skbg
赭,fofj
楫,skb
啶,kpgh
钴,qdg
诌,yqvg
徕,tgoy
徕,tgo
胴,emg
胴,emgk
裟,iite
碣,djqn
帼,mhl
帼,mhly
碣,djq
杵,stfh
樾,sfht
潍,ixw
潍,ixwy
砭,dtp
慵,nyvh
砭,dtpy
胝,eqay
胝,eqa
锲,qdh
讴,yaq
锲,qdhd
讴,yaqy
怩,nnx
蠼,jhhc
怩,nnxn
霏,fdjd
楹,sec
楹,secl
翦,uejn
佘,wfiu
弑,qsaa
弑,qsa
谶,ywwg
楂,ssj
楂,ssjg
砺,dddn
囡,lvd
濯,inw
盥,qgil
苣,aanf
盥,qgi
苣,aan
濯,inwy
澧,imau
咩,kudh
澧,ima
咩,kud
髡,degq
馊,qnvc
郢,kgbh
昕,jrh
茏,adx
轱,ldg
铨,qwg
嵘,maps
茯,awdu
怼,cfnu
茏,adxb
岫,mmg
茯,awd
铨,qwgg
怼,cfn
嗪,kdwt
刈,qjh
蔫,agho
咿,kwvt
僖,wfkk
鹌,djng
贲,fam
鍪,cbtq
泸,ihnt
泸,ihn
嗵,kcep
嗵,kce
贲,famu
迤,tbp
胪,ehnt
迤,tbpv
咤,kpta
忝,gdn
薏,aujn
忝,gdnu
噔,kwgu
娣,vux
揄,rwgj
栎,sqiy
噘,kdu
栎,sqi
噘,kduw
霰,faet
飨,xtw
懔,nyli
呶,kvcy
霰,fae
飨,xtwe
懔,nyl
桎,sgcf
撷,rfkm
呶,kvc
哂,ksg
赝,dwwm
胛,elh
嗲,kwqq
麂,ynjm
恽,npl
恽,nplh
嗲,kwq
妍,vgah
苁,awwu
铤,qtfp
宥,pdef
涔,imw
摁,rldn
涔,imwn
锷,qkkn
摁,rld
妍,vga
麋,ynjo
阈,uak
阈,uakg
麒,ynjw
馏,qnql
犒,tryk
霁,fyj
霁,fyjj
铂,qrg
邕,vkc
岷,mna
邕,vkcb
舛,qahh
岷,mnan
舛,qah
檄,sry
璀,gmwy
檄,sryt
佞,wfvg
佞,wfv
孑,bnhg
仨,wdg
酢,sgtf
搡,rccs
崴,mdgt
窕,pwi
猕,qtxi
爻,qqu
窕,pwiq
铩,qqs
晗,jwyk
斫,drh
鹗,kkfg
姣,vuq
姣,vuqy
衩,puc
衩,pucy
绉,xqv
绉,xqvg
罅,rmhh
剜,pqbj
笥,tngk
笥,tng
艿,aeb
邝,ybh
鲟,qgvf
鲟,qgv
趺,khfw
趺,khf
讣,yhy
梏,stfk
馥,tjtt
愎,ntjt
龅,hwbn
踮,khyk
衲,pumw
抟,rfn
抟,rfny
饯,qngt
瘙,ucy
犄,trd
粕,org
犄,trdk
瘙,ucyj
痿,utvd
壹,fpg
壹,fpgu
痿,utv
瑁,gjhg
锨,qrq
锨,qrqw
俪,wgmy
钍,qfg
洹,igj
栉,sabh
洹,igjg
栉,sab
芩,awyn
嘹,kdui
蜇,rrju
锟,qjxx
锟,qjx
蜇,rrj
螨,jagw
鸬,hnqg
鸬,hnq
璨,ghq
犟,xkjh
狻,qtct
璨,ghqo
琬,gpqb
靓,gem
琬,gpq
靓,gemq
铰,quq
滢,iapy
蜚,djdj
馄,qnjx
峒,mmgk
铰,quqy
诨,yplh
诨,ypl
篙,tymk
苫,ahk
竦,ugki
犷,qtyt
獠,qtdi
苫,ahkf
詈,lyf
辔,xlx
鱿,qgd
辔,xlxk
骛,cbtc
馗,vuth
暹,jwy
暹,jwyp
鱿,qgdn
啐,kywf
啐,kyw
淅,isrh
揆,rwgd
榉,siwh
淅,isr
榉,siw
诮,yieg
诮,yie
樽,susf
乩,hkn
淦,iqg
嗝,kgkh
垩,gogf
蠹,gkhj
钜,qan
钜,qang
泅,ilw
邂,qevp
泅,ilwy
硼,deeg
硼,dee
矾,dmy
囿,lde
囿,lded
淼,iiiu
噙,kwyc
鳝,qguk
蜴,jjqr
颧,akkm
榛,sdwt
嗑,kfcl
昱,juf
颧,akk
怵,nsyy
殒,gqkm
绻,xudb
觊,mnmq
崂,mapl
殒,gqk
怵,nsy
崂,map
珞,gtkg
珞,gtk
粑,ocn
婀,vbsk
婀,vbs
埽,fvph
埽,fvp
臾,vwi
笞,tck
笞,tckf
筠,tfqu
枸,sqkg
夥,jsqq
膑,epr
虻,jyn
枸,sqk
谖,yef
谖,yefc
夥,jsq
闱,ufn
闱,ufnh
夯,dlb
偻,wovg
偻,wov
诜,ytfq
佗,wpxn
啷,kyvb
啷,kyv
佗,wpx
寮,pdu
濡,ifd
寮,pdui
搽,raws
柩,saqy
骈,cuah
艮,vei
蛉,jwyc
骈,cua
橐,gkhs
雉,tdwy
镳,qyno
荻,aqto
琨,gjxx
琨,gjx
郏,guwb
藜,atqi
藜,atq
柚,smg
遛,qyvp
喵,kal
潢,iamw
潢,iam
缈,xhit
缈,xhi
囤,lgbn
囤,lgb
弁,caj
腴,evwy
腴,evw
咣,kiqn
咣,kiq
缫,xvj
奘,nhdd
缫,xvjs
罄,fnmm
菠,aih
窈,pwxl
菠,aihc
庠,yudk
拮,rfk
烨,owxf
烨,owx
卞,yhi
愠,njlg
胯,edfn
绾,xpn
绾,xpnn
涮,inmj
涮,inm
杈,scyy
赳,fhnh
斛,qeu
胯,edf
斛,qeuf
觥,qei
觥,qeiq
疸,ujgd
疸,ujg
僮,wujf
滓,ipu
龇,hwbx
滓,ipuh
媾,vfj
媾,vfjf
僮,wuj
讫,ytnn
觎,wgeq
儆,waqt
钰,qgyy
迨,ckp
迨,ckpd
恸,nfcl
肽,edy
挞,rdp
挞,rdpy
苻,awfu
嘁,kdht
鞯,afa
嬴,ynky
龌,hwbf
觯,qeuf
凇,usw
芪,aqab
芪,aqa
凇,uswc
幺,xnny
湎,idm
赊,mwfi
赊,mwf
戛,dhar
戛,dha
俦,wdtf
荭,axaf
鋈,itdq
荭,axa
熨,nfio
枞,sww
枞,swwy
铡,qmj
铡,qmjh
迳,capd
飧,qwye
迳,cap
谘,yuq
谘,yuqk
绺,xth
饪,qntf
绺,xthk
诳,yqtg
饽,qnfb
掇,rccc
掇,rcc
诳,yqt
沏,iavn
沏,iav
噫,kujn
祉,pyhg
涞,igo
踹,khmj
祉,pyh
涞,igoy
蓑,ayke
蓑,ayk
懑,iagn
苷,aaf
袂,pun
峋,mqjg
苷,aaff
袂,punw
擢,rnwy
骧,cyk
茁,abmj
骧,cyke
妫,vyl
馑,qnag
妫,vyly
茁,abm
呓,kann
唰,knm
唰,knmj
呓,kan
芷,ahf
嶙,moq
刍,qvf
嶙,moqh
舫,teyn
逅,rgkp
诋,yqay
氰,rnge
鳅,qgto
殓,gqw
殓,gqwi
缥,xsfi
缥,xsf
泾,icag
泾,ica
猬,qtle
蚩,bhgj
伲,wnxn
伲,wnx
殁,gqmc
琥,gham
琥,gha
唏,kqdh
唏,kqd
坳,fxln
坳,fxl
砷,djh
鹭,khtg
诤,yqvh
砷,djhh
睨,hvq
鄱,tolb
睨,hvqn
箩,tlq
箩,tlqu
嘭,kfke
醯,sgyl
涿,ieyy
晔,jwx
燔,otol
燔,oto
晔,jwxf
墒,fumk
墒,fum
谗,yqku
谗,yqk
臃,eyx
镍,qth
臃,eyxy
镍,qths
觐,akgq
剁,msjh
铛,qiv
剁,msj
铛,qivg
邺,ogb
邺,ogbh
燮,oyoc
莘,auj
燮,oyo
翊,ung
槁,symk
龊,hwbh
獭,qtgm
蛎,jddn
啕,kqrm
蛎,jdd
喟,kle
喟,kleg
滂,iup
庋,yfci
庋,yfc
弈,yoa
弈,yoaj
歆,ujqw
癸,wgd
癸,wgdu
蝮,jtjt
庑,yfqv
庑,yfq
扪,run
蚜,jah
蹶,khdw
蚜,jaht
癜,unac
癜,una
泓,ixc
滦,iyos
蚱,jthf
泓,ixcy
酯,sgx
荩,anyu
椽,sxey
椽,sxe
侗,wmgk
镣,qdu
掸,rujf
镣,qdui
骁,catq
畿,xxal
啮,khwb
畿,xxa
椤,slq
掬,rqoy
掬,rqo
椤,slqy
憩,tdtn
叁,cdd
叁,cddf
孛,fpbf
炀,onrt
晁,jiqb
纾,xcbh
酚,sgw
酚,sgwv
纾,xcb
瘴,uujk
臊,ekks
剽,sfij
衢,thhh
泗,ilg
蛳,jjgh
蛳,jjg
俑,wceh
榷,spwy
缜,xfhw
俑,wce
沱,ipx
鹫,yidg
缜,xfh
沣,idh
榘,tdas
沣,idhh
烷,opf
栾,yos
烷,opfq
馕,qnge
耄,ftxn
罂,mmrm
砧,dhkg
罂,mmr
漕,igmj
谝,yyna
怏,nmdy
孀,vfsh
孀,vfs
箔,tir
咝,kxxg
箔,tirf
簦,twgu
摺,rnrg
摈,rprw
摈,rpr
芍,aqyu
芍,aqy
捱,rdff
汴,iyh
汴,iyhy
宸,pdfe
俚,wjfg
俚,wjf
箕,tad
冽,ugqj
冽,ugq
氐,qayi
氐,qay
辏,ldw
辏,ldwd
麾,yssn
诒,yckg
诒,yck
懋,scbn
皎,ruqy
皎,ruq
鹑,ybqg
鹑,ybq
唑,kwwf
咻,kws
咻,kwsy
唑,kww
忻,nrh
浣,ipfq
汩,ijg
谔,ykkn
舐,tdqa
榔,syvb
洌,igq
洌,igqj
榔,syv
鲑,qgff
浜,irgw
娑,iitv
篝,tfjf
隍,brg
隍,brgg
饨,qngn
垠,fvey
垠,fve
榭,stmf
榭,stm
夔,uht
夔,uhtt
迩,qip
纣,xfy
迩,qipi
鬃,dep
鬃,depi
瘁,uyw
睢,hwyg
饕,kgne
峪,mwwk
鸵,qynx
碴,dsjg
碴,dsj
泯,inan
泯,ina
叵,akd
霾,feef
铠,qmnn
霭,fyjn
獾,qtay
皙,srr
铠,qmn
濂,iyu
濂,iyuo
鲈,qghn
皙,srrf
钚,qgiy
钛,qdyy
噼,knku
噼,knk
钛,qdy
蹩,umih
蜥,jsrh
蒿,aymk
蒿,aym
貂,eev
貂,eevk
臧,dnd
舀,evf
夙,mgq
夙,mgqi
镂,qovg
摞,rlx
镂,qov
摞,rlxi
飒,umqy
氲,rnjl
荤,aplj
簪,taqj
诿,ytvg
簪,taq
诿,ytv
杳,sjf
魇,ddrc
孪,yob
孪,yobf
魇,ddr
蓟,aqgj
圩,fgf
蕨,adu
褴,pujl
嗥,krdf
嗥,krd
仄,dwi
偈,wjq
偈,wjqn
粼,oqab
箴,tdgt
蜃,dfej
蟮,judk
匐,qgk
柑,safg
柑,saf
濮,iwoy
濮,iwo
烯,oqdh
匐,qgkl
烯,oqd
昙,jfcu
蟠,jtol
锏,qujg
宓,pntr
猥,qtle
胄,mef
蟑,jujh
螳,jip
螳,jipf
弋,agny
飕,mqvc
郅,gcfb
潞,ikhk
莞,apfq
谡,ylwt
谡,ylw
荨,avf
荨,avfu
纭,xfc
纭,xfcy
澹,iqdy
咛,kps
咛,kpsh
蛭,jgcf
蛭,jgc
倌,wpnn
倌,wpn
篆,txeu
篆,txe
柠,spsh
柠,sps
掰,rwvr
蛆,jegg
褛,puo
啻,upmk
豺,eeft
豺,eef
胭,eldy
胭,eld
芋,agfj
芋,agf
蠡,xejj
啵,kihc
啵,kih
蠡,xej
萱,apgg
娲,vkmw
娲,vkm
虬,jnn
埂,fgj
拄,ryg
拄,rygg
埂,fgjq
鹄,tfkg
婊,vgey
隽,wyeb
牍,thgd
溟,ipju
宕,pdf
戾,ynd
戾,yndi
镌,qwye
阖,ufcl
瞑,hpj
瞑,hpju
韭,djdg
阖,ufc
裨,pur
癞,ugkm
骰,memc
骰,mem
嘤,kmm
嘤,kmmv
镐,qym
馐,qnuf
镐,qymk
盹,hgb
盹,hgbn
熵,oumk
镭,qflg
腌,edjn
驸,cwf
熵,oum
驸,cwfy
镭,qfl
豌,gkub
孢,bqnn
孢,bqn
旌,yttg
棣,svi
沅,ifqn
棣,sviy
沅,ifq
胫,ecag
胫,eca
熠,onrg
糯,ofd
糯,ofdj
銮,yoqf
馀,qnw
畹,lpqb
畹,lpq
馀,qnwt
岌,meyu
锰,qbl
锰,qblg
祗,pyqy
匍,qgey
锭,qpgh
锭,qp
锭,qpg
锺,qtgf
罔,muyn
罔,muy
鲫,qgvb
椿,sdwj
咫,nyk
咫,nykw
酗,sgqb
噤,kssi
苓,awyc
靼,afjg
渥,ing
渥,ingf
铬,qtkg
璜,gamw
铬,qtk
汐,iqy
藓,aqgd
煊,opg
厩,dvcq
闰,ugd
疽,ueg
厩,dvc
煊,opgg
疽,uegd
洄,ilk
洄,ilkg
闰,ug
涝,iapl
涝,iap
曜,jnw
腼,edmd
蛰,rvyj
纫,xvyy
喏,kadk
祛,pyfc
闾,ukkd
纫,xvy
匝,amh
偃,wajv
淙,ipfi
糠,oyvi
咂,kam
罹,lnw
咂,kamh
砥,dqay
忑,ghnu
馁,qne
馁,qnev
洵,iqj
洵,iqjg
忐,hnu
濑,igkm
嚅,kfd
黜,lfom
黠,lfok
瘀,uywu
颔,wynm
嚅,kfdj
鲇,qghk
疟,uagd
鳗,qgjc
蓿,apwj
籁,tgkm
庖,yqnv
庖,yqn
翱,rdfn
鹞,ermg
蛐,jmag
娩,vqk
娩,vqkq
蛐,jma
谄,yqvg
痣,ufni
辎,lvlg
辎,lvl
嗬,kawk
髻,defk
圪,ftn
圪,ftnn
嵇,tdnm
锹,qtoy
锹,qto
缨,xmmv
缨,xmm
橹,sqg
徨,trgg
橹,sqgj
徨,trg
翡,djdn
秆,tfh
谌,yadn
醺,sgto
袤,ycbe
鞑,afdp
榕,spwk
耙,dic
耙,dicn
嗫,kbc
嗫,kbcc
煦,jqko
赈,mdfe
砚,dmq
牒,thgs
耷,dbf
荚,aguw
窠,pwj
斡,fjwf
窠,pwjs
蚯,jrgg
撅,rduw
蝌,jtuf
疱,uqnv
疱,uqn
蝌,jtu
飓,mqhw
飓,mqh
铿,qjc
闩,ugd
铿,qjcf
痘,ugku
芮,amwu
蚣,jwc
蚣,jwcy
痢,utj
痢,utjk
槌,swn
嗷,kgqt
抠,raq
槌,swnp
蚓,jxh
蚓,jxhh
桧,swf
盂,gfl
盂,gflf
裆,puiv
绶,xep
绶,xepc
怆,nwb
怆,nwbn
桀,qahs
恫,nmg
恫,nmgk
隼,wyfj
痞,ugi
痞,ugik
邙,ynbh
卅,gkk
飙,dddq
邙,ynb
昵,jnx
焊,ojfh
昵,jnxn
岱,wamj
焊,ojf
徇,tqj
徵,tmgt
孺,bfd
孺,bfdj
啾,kto
囔,kgke
蜓,jtfp
惆,nmfk
惆,nmf
鳎,qgjn
媛,vefc
莓,atxu
莓,atx
岬,mlh
彤,myet
彤,mye
伫,wpgg
伫,wpg
妩,vfq
妩,vfqn
萼,akkn
呷,klh
馍,qnad
玷,ghkg
玷,ghk
癣,uqg
癣,uqgd
穑,tfuk
臼,vthg
臼,vth
岖,maq
岖,maqy
梆,sdt
梆,sdtb
樟,suj
茉,ags
茉,agsu
樟,sujh
辍,lccc
湮,isfg
瞌,hfcl
谧,yntl
搪,ryvk
搪,ryv
蚤,cyj
醮,sgwo
蚤,cyju
薰,atgo
麝,ynjf
娄,ovf
娄,ov
捋,refy
涓,ikeg
涓,ike
荪,abiu
楣,snh
楣,snhg
狰,qtqh
郸,ujfb
轶,lrw
蜻,jgeg
燎,odui
蕙,agj
蕙,agjn
蚪,jufh
谥,yuwl
淞,iswc
谥,yuw
雹,fqn
雹,fqnb
甬,cej
槟,spr
槟,sprw
耘,difc
扉,yndd
潺,inbb
蛔,jlk
蛔,jlkg
壬,tfd
椋,syiy
骋,cmg
骋,cmgn
茗,aqkf
谆,yybg
腆,emaw
腆,ema
筱,twh
灸,qyou
灸,qyo
筱,twht
酰,sgtq
镁,qug
潼,iujf
掂,ryh
镁,qugd
痫,uusi
瞠,hip
痫,uus
瞠,hipf
蹒,khaw
髯,dem
髯,demf
龛,wgkx
篓,tov
虱,ntji
虱,ntj
跻,khyj
垛,fms
淇,iadw
瓒,gtfm
垛,fmsy
橇,stf
橇,stfn
阂,uyn
阂,uynw
荟,awfc
挎,rdfn
啜,kccc
芥,awj
瘠,uiwe
瘠,uiw
町,lsh
坂,frc
娓,vntn
盅,khl
嫔,vpr
嫔,vprw
龈,hwbe
颚,kkfm
儡,wll
斓,yugi
佼,wuq
烽,otdh
烽,otd
烽,ot
儡,wlll
佼,wuqy
喙,kxe
喙,kxey
黔,lfon
葆,awks
葆,awk
疵,uhxv
疵,uhx
绛,xtah
偌,wad
偌,wadk
蛀,jyg
蛀,jygg
皋,rdfj
胤,txen
缮,xud
缮,xudk
罡,lgh
罡,lghf
诙,ydoy
眈,hpqn
眈,hpq
诙,ydo
惬,nag
鸯,mdq
蹙,dhih
鸯,mdqg
惬,nagw
靳,afr
靳,afrh
蛹,jceh
氦,rnyw
婵,vujf
榈,suk
婵,vuj
淖,ihj
诰,ytfk
睐,hgoy
睐,hgo
恣,uqwn
淖,ihjh
唷,kyce
唷,kyc
殡,gqp
殡,gqpw
呗,kmy
寰,plge
噎,kfpu
鳖,umig
寰,plg
噎,kfp
刽,wfcj
睽,hwgd
焙,ouk
鹳,akkg
焙,oukg
昊,jgd
昊,jgdu
锵,quqf
簌,tgkw
皑,rmnn
恚,ffnu
遽,hae
遽,haep
邃,pwup
蚌,jdh
锢,qldg
蚌,jdhh
傀,wrq
傀,wrqc
蔗,aya
蔗,ayao
瘸,ulkw
蘸,asgo
羲,ugt
羲,ugtt
蔷,afu
蔷,afuk
猓,qtjs
檬,sape
檬,sap
螃,jupy
撸,rqg
撸,rqgj
泞,ips
螃,jup
椰,sbbh
镀,qya
椰,sbb
蹊,khed
蟾,jqdy
甄,sfgn
蟾,jqd
蝎,jjq
荼,awtu
蝎,jjqn
荼,awt
谙,yuj
谙,yujg
岐,mfcy
岐,mfc
卯,qtbh
谩,yjl
谀,yvwy
谩,yjlc
戌,dgn
藕,adiy
戌,dgnt
翟,nwyf
蓓,awuk
蜈,jkgd
犊,trfd
扈,ynkc
蜈,jkg
讷,ymw
恿,cen
蜿,jpq
恿,cenu
蜿,jpqb
鸾,yoq
媲,vtlx
鸾,yoqg
俸,wdwh
晾,jyiy
媲,vtl
缄,xdgt
缄,xdg
羹,ugod
璞,gogy
酮,sgmk
萦,apx
萦,apxi
赡,mqdy
赡,mqd
珥,gbg
邯,afb
邯,afbh
睑,hwgi
迢,vkp
迢,vkpd
獗,qtdw
嚏,kfph
恻,nmj
恻,nmjh
瞰,hnbt
瞰,hnb
贰,afmi
贰,afm
踝,khjs
滕,eudi
笙,ttgf
涟,ilp
瀛,iyny
暄,jpg
暄,jpgg
稷,tlwt
枭,qyns
跚,khmg
稷,tlw
踊,khc
踊,khce
姗,vmm
溥,igef
姗,vmmg
颍,xid
颍,xidm
壑,hpg
壑,hpgf
欤,gngw
汕,imh
筵,tthp
嗟,kuda
跛,khhc
亘,gjgf
瓮,wcg
瓮,wcgn
亘,gjg
坷,fskg
坷,fsk
熹,fkuo
抡,rwx
抡,rwxn
擞,rovt
呸,kgi
呸,kgig
鸳,qbq
鸳,qbqg
塾,ybvf
涸,ildg
涸,ild
掖,ryw
绯,xdjd
钡,qmy
诩,yng
啬,fulk
羚,udwc
桦,swx
炖,ogbn
桦,swxf
缰,xglg
缰,xgl
镯,qlqj
湍,imdj
轲,lsk
轲,lskg
遐,nhf
屹,mtnn
湍,imd
遐,nhfp
蟆,jajd
荔,all
荔,alll
楔,sdhd
楔,sdh
胱,eiq
胱,eiqn
窿,pwb
窿,pwbg
馋,qnqu
秸,tfkg
鑫,qqqf
捺,rdfi
瑕,gnh
瑕,gnhc
酉,sgd
傣,wdwi
嗳,kep
嗳,kepc
傣,wdw
祯,pyhm
煜,oju
杞,snn
骥,cuxw
骥,cux
涣,iqmd
涣,iqm
煜,ojug
辕,lfke
辕,lfk
脐,eyj
蝙,jyna
涧,iujg
攥,rthi
镰,qyuo
寐,pnhi
褚,pufj
懵,nalh
懵,nal
僭,waqj
躏,khay
鼾,thlf
辘,lyn
辘,lynx
湃,irdf
湃,ird
琏,glp
琏,glpy
鳃,qgln
鳃,qgl
蹂,khcs
阉,udjn
漳,iujh
瘪,uthx
漳,iuj
晏,jpvf
蛊,jlf
璐,gkhk
晏,jpv
甥,tgll
撂,rltk
撂,rlt
沓,ijf
佚,wrwy
佚,wrw
叟,vhc
叟,vhcu
赓,yvwm
钾,qlh
暧,jepc
泵,diu
暧,jep
瑾,gakg
苞,aqnb
苞,aqn
嵋,mnhg
珑,gdx
嵋,mnh
缤,xprw
缤,xpr
浒,iytf
撵,rfwl
蟀,jyx
摒,rnua
茬,adhf
蟀,jyxf
峦,yom
峦,yomj
坯,fgig
筏,twa
筏,twar
釜,wqf
沂,irh
釜,wqfu
蹿,khph
膺,ywwe
讹,ywxn
蟋,jto
蟋,jton
鳄,qgkn
耆,ftxj
逵,fwfp
傩,wcwy
渍,igm
渍,igmy
奂,qmdu
巅,mfhm
疣,udnv
巅,mfh
奂,qmd
涎,ithp
汞,aiu
聆,bwyc
褶,punr
汾,iwvn
汾,iwv
痔,uffi
戍,dynt
馅,qnqv
箍,trah
箍,tra
渤,ifpl
渤,ifp
皿,lhn
皿,lhng
髅,meov
髅,meo
铐,qftn
汛,infh
汛,inf
玺,qig
唧,kvcb
玺,qigy
荃,awgf
藐,aee
藐,aeeq
咔,khhy
惦,nyhk
浚,icwt
惦,nyh
嗖,kvh
嗖,kvhc
梓,suh
卤,hlq
鬓,depw
卤,hlqi
卤,hl
丕,gigf
嫡,vum
嫡,vumd
骷,medg
曦,jugt
曦,jug
栩,sng
饬,qntl
哒,kdp
哒,kdpy
跺,khms
秤,tgu
跺,khm
芹,arj
秤,tguh
潦,idui
瓢,sfiy
瞳,huj
瞳,hu
蛤,jwgk
蛤,jwg
蛤,jw
瞳,hujf
笺,tgr
抿,rnan
桢,shm
桢,shmy
抿,rna
恙,ugn
恙,ugnu
匮,akhm
匮,akh
戟,fja
惴,nmdj
螅,jthn
蜗,jkm
蜗,jkmw
憨,nbtn
琵,ggx
琵,ggxx
汶,iyy
跷,khaq
豢,udeu
豢,ude
阑,ugli
恬,ntd
恬,ntdg
跤,khuq
瘢,utec
糜,ysso
绚,xqj
绚,xqjg
崽,mlnu
崽,mln
臆,eujn
挝,rfpy
挝,rfp
臆,euj
蹭,khuj
翌,nuf
竣,ucw
竣,ucwt
漩,iyth
偕,wxxr
叼,kng
叼,kngg
怂,wwnu
怂,wwn
楠,sfmf
氟,rnxj
楠,sfm
吮,kcq
吮,kcqn
氟,rnx
啧,kgm
啧,kgmy
漾,iugi
蟒,jada
哽,kgjq
踵,khtf
哽,kgj
憬,njy
憬,njyi
驹,cqkg
驹,cqk
攫,rhh
戊,dnyt
荀,aqj
荀,aqjf
戊,dny
铎,qcf
铎,qcfh
诃,yskg
诃,ysk
苯,asgf
苯,asg
擂,rflg
擂,rfl
碾,dnae
碾,dna
诠,ywg
诠,ywgg
帛,rmh
帛,rmhj
搐,ryxl
碘,dmaw
碘,dma
讪,ymh
蹋,khjn
悻,nfuf
漪,iqtk
凋,umfk
凋,umf
侏,wriy
侏,wri
蜷,judb
烬,onyu
揩,rxxr
炙,qo
炙,qou
烬,ony
谑,yha
酪,sgtk
癖,unku
癖,unk
谑,yhag
瀚,ifjn
蹑,khb
蹑,khbc
鲨,iitg
枷,slkg
枷,slk
笈,teyu
皈,rrcy
碉,dmfk
碉,dmf
矜,cbtn
榨,spwf
榨,spw
漉,iynx
偎,wlge
唆,kcw
唆,kcwt
蜒,jthp
婷,vyp
婷,vyps
韬,fnhv
踞,khnd
饺,qnuq
淄,ivl
淄,ivlg
弼,xdj
弼,xdjx
驿,ccf
驿,ccfh
蕃,ato
蕃,atol
噶,kaj
噶,kajn
黏,twik
闵,uyi
冗,pmb
磐,temd
渝,iwgj
湄,inhg
迥,mkp
迥,mkpd
湄,inh
缭,xdu
缭,xdui
怦,nguh
怦,ngu
刁,ngd
箫,tvij
哧,kfoy
哧,kfo
喋,kans
钗,qcy
帚,vpmh
帚,vpm
拗,rxl
馒,qnjc
拗,rxln
憧,nujf
瞟,hsfi
瞟,hsf
谚,yut
谚,yute
蜕,jukq
蜕,juk
刨,qnjh
珂,gsk
珂,gskg
狙,qteg
渭,ile
渭,ileg
亟,bkc
痊,uwg
亟,bkcg
笆,tcb
拈,rhkg
琶,ggcb
撬,rtfn
橘,scbk
琶,ggc
鹉,gahg
胥,nhef
胥,nhe
霓,fvqb
霓,fvq
茧,aju
榄,sjtq
渲,ipgg
俟,wct
俟,wctd
羔,ugo
羔,ugou
捎,rie
捎,rieg
氖,rne
氖,rnev
惮,nuj
沥,idl
嚓,kpw
嚓,kpwi
沥,idln
粱,ivwo
掣,rmhr
劾,yntl
阪,brcy
腋,eywy
惋,npqb
螂,jyvb
螂,jyv
彗,dhdv
娠,vdfe
娠,vdf
璧,nkuy
铢,qri
铢,qriy
禾,ttt
簸,tadc
琅,gyve
钵,qsgg
琅,gyv
钵,qsg
麓,ssyx
酣,sgaf
哝,kpey
葵,awg
哝,kpe
顼,gdmy
顼,gdm
娼,vjj
淤,iywu
娼,vjjg
剌,gkij
抉,rnwy
赘,gqtm
敖,gqty
橙,swgu
暨,vcag
拌,rufh
愫,ngx
愫,ngxi
孰,ybvy
籽,ob
袒,pujg
籽,obg
绮,xds
绮,xdsk
俐,wtj
俐,wtjh
帧,mhhm
悸,ntb
殃,gqmd
殃,gqm
悸,ntbg
纶,xwx
纶,xwxn
俨,wgod
桅,sqd
俨,wgo
辄,lbnn
辄,lbn
逍,iep
逍,iepd
囱,tlqi
彝,xgoa
彝,xgo
墩,fyb
墩,fybt
吆,kxy
悚,ngki
瘩,uaw
雳,fdlb
瘩,uawk
攒,rtfm
磺,damw
磺,dam
嗔,kfhw
锄,qegl
颉,fkd
腓,edjd
诽,ydj
倔,wnbm
诽,ydjd
倔,wnb
揍,rdwd
褒,ywke
褒,ywk
幔,mhjc
圭,fff
纂,thdi
辗,lna
滇,ifhw
茹,avk
酵,sgfb
锌,quh
楷,sxx
楷,sx
楷,sxxr
睾,tlff
蘑,ays
疙,utnv
疙,utn
鹊,ajqg
聿,vfhk
溉,ivcq
溉,ivc
妊,vtfg
妊,vtf
秧,tmdy
穹,pwx
穹,pwxb
嫣,vgho
嫣,vgh
俾,wrtf
俾,wrt
黝,lfol
袅,qyne
酥,sgty
坍,fmyg
撩,rdui
撩,rdu
肴,qdef
肴,qde
诲,ytxu
蠕,jfdj
诲,ytx
砾,dqi
羌,udnb
憔,nwyo
吝,ykf
揖,rkb
觑,haoq
揖,rkbg
贻,mck
贻,mckg
萃,ayw
乓,rgy
锚,qal
匾,ayna
锚,qalg
祺,pya
咀,kegg
咀,keg
嗒,kawk
龋,hwby
亵,yrve
掐,rqv
掐,rqvg
亵,yrv
腑,eywf
腑,eyw
橄,snbt
橄,snb
沽,idg
犀,nirh
犀,nir
晖,jplh
鹦,mmvg
堰,fajv
撮,rjb
彷,tyn
雏,qvwy
雏,qvw
氮,rno
氮,rnoo
恪,ntkg
澎,ifke
袄,putd
袄,put
捶,rtgf
钠,qmwy
钠,qmw
祁,pyb
祁,pybh
呱,krcy
诣,yxj
诣,yxjg
呱,krc
悴,nywf
捻,rwyn
圃,lgey
孚,ebf
咏,kyn
咏,kyni
弩,vcxb
掳,rhal
掳,rha
弩,vcx
蛟,juq
岑,mwyn
蛟,juqy
噗,kog
噗,kogy
沐,isy
奄,djnb
嫖,vsf
嫖,vsfi
奄,djn
烹,ybo
烹,ybou
蔼,ayjn
蔼,ayj
冕,jqkq
骼,metk
骼,met
韶,ujv
韶,ujvk
狞,qtps
狞,qtp
笋,tvt
笋,tvtr
搔,rcyj
褥,pudf
毡,tfnk
阙,uubw
阙,uub
鳌,gqtg
啄,keyy
乒,rgtr
乒,rgt
帷,mhwy
帷,mhw
嘈,kgmj
阜,wnnf
埠,fwn
蒜,afi
蒜,afii
埠,fwnf
鸠,vqyg
毗,lxxn
烙,otk
烙,otkg
毗,lxx
霹,fnku
霹,fnk
竺,tff
幡,mhtl
筝,tqvh
胺,epv
萤,apju
萤,apj
敕,gkit
胺,epvg
恺,nmn
恺,nmnn
曝,jja
痉,uca
炬,oan
炬,oang
瑙,gvtq
瑙,gvt
驮,cdy
吠,kdy
磊,ddd
磊,dddf
惘,nmun
惘,nmu
驭,ccy
寅,pgm
檀,sylg
堑,lrff
堑,lrf
筐,tagf
筐,tag
檀,syl
呛,kwbn
呛,kwb
翎,wycn
攸,whty
睫,hgvh
睫,hgv
祟,bmf
漓,iybc
鞅,afmd
徙,thh
盎,mdl
盎,mdlf
徙,thhy
怅,ntay
怅,nta
噩,gkkk
睿,hpgh
篡,thdc
攘,ryk
诘,yfkg
酋,usgf
诘,yfk
攘,ryke
漱,igkw
嵩,mym
嵩,mymk
荧,apou
荧,apo
唠,kap
唠,kapl
蛾,jtr
蛾,jtrt
甭,gie
抨,rguh
甭,giej
奚,exd
肛,ea
肛,eag
奚,exdu
佯,wudh
猖,qtjj
痹,ulgj
倭,wtvg
倭,wtv
谒,yjqn
谒,yjq
筛,tjgh
隅,bjm
隅,bjmy
樵,swyo
曙,jl
曙,jlfj
搀,rqku
廿,aghg
廿,agh
拎,rwyc
巳,nngn
邢,gab
槛,sjt
槛,sjtl
邢,gabh
骡,clxi
穗,tgjn
骡,clx
脓,epe
脓,epey
汲,iey
嬉,vfkk
嬉,vfk
渎,ifnd
鸥,aqqg
疡,unr
疡,unre
簧,tamw
咆,kqn
眸,hcrh
眸,hcr
稠,tmfk
锈,qten
澈,iyct
曳,jxe
薯,alfj
酝,sgfc
酝,sgf
捅,rceh
捅,rce
琛,gpws
弛,xb
侥,watq
琛,gpw
弛,xbn
惺,njt
惺,njtg
梧,sgk
殴,aqmc
殴,aqm
柿,symh
陇,bdx
陇,bdxn
袱,puwd
挛,yor
眺,hiq
眺,hiqn
挛,yorj
蹬,khwu
闺,uffd
舔,tdgn
伢,wah
啃,kheg
啃,khe
伢,waht
钳,qaf
钳,qafg
茸,abf
隧,buep
隧,bue
卉,faj
丞,bigf
丞,big
褪,puvp
谛,yuph
屎,noi
拭,raa
拭,raag
蝠,jgkl
钊,qjh
炊,oqw
炊,oqwy
硅,dffg
硅,dff
伎,wfcy
跄,khwb
忱,npqn
忱,npq
忱,np
蕾,aflf
雍,yxt
雍,yxty
忡,nkhh
忡,nkh
肋,el
肋,eln
咄,kbmh
咄,kbm
佬,wftx
佬,wft
躇,khaj
瞩,hnty
瞩,hnt
菁,agef
祠,pynk
窖,pwtk
戮,nwea
戮,nwe
猝,qtyf
侃,wkqn
侃,wkq
霎,fuvf
霎,fuv
咪,koy
椭,sbde
椭,sbd
喳,ksjg
喳,ksj
惰,nda
惰,ndae
沌,igb
掺,rcd
掺,rcde
豚,eey
闽,uji
桔,sfk
瞿,hhwy
殉,gqq
殉,gqqj
踌,khdf
赣,ujt
赣,ujtm
膳,eudk
臻,gcft
嘀,kumd
嘀,kum
羁,laf
羁,lafc
赃,myfg
赃,myf
陨,bkm
陨,bkmy
嗨,kitu
惚,nqrn
惚,nqr
迸,uapk
迸,uap
炫,oyx
炫,oyxy
溺,ixu
溺,ixuu
剃,uxhj
琦,gds
琦,gdsk
菇,avd
瘟,ujld
缪,xnw
垢,frgk
瘟,ujl
缪,xnwe
垢,frg
垢,fr
樊,sqqd
狒,qtxj
狒,qtx
闸,ulk
颌,wgkm
炽,okw
炽,okwy
笠,tuf
炽,ok
梵,ssmy
梵,ssm
勺,qyi
诛,yri
诛,yriy
骏,ccw
骏,ccwt
榆,swgj
蝗,jr
蝗,jrg
赂,mtkg
赂,mtk
轧,lnn
亢,ymb
璋,guj
璋,gujh
烘,oaw
蕊,annn
蕊,ann
淆,iqde
淆,iqd
尧,atgq
绫,xfw
磋,dud
绫,xfwt
敝,umit
敝,umi
匡,agd
瘾,ubq
瘾,ubqn
倪,wvq
孵,qytb
捍,rjf
谤,yupy
嗤,kbhj
谤,yup
俞,wgej
匕,xtn
睬,hesy
睬,hes
滤,iha
皖,rpf
拽,rjx
拽,rjxt
葫,adef
佃,wlg
佃,wl
幌,mhjq
踉,khye
嚎,kype
妾,uvf
辫,uxuh
嚎,kyp
辫,uxu
芜,afqb
靶,afc
胰,egxw
胰,egx
靶,afcn
侬,wpe
侬,wpey
窒,pwg
窒,pwgf
翩,ynmn
苇,afn
苇,afnh
矶,dmn
哆,kqqy
哆,kqq
拷,rft
枫,smq
拷,rftn
枫,smqy
噬,kta
噬,ktaw
炳,ogmw
炳,ogm
洼,iffg
咎,thk
咎,thkf
阱,bfjh
阱,bfj
楞,sly
楞,sl
遁,rfhp
楞,slyn
砌,dav
砌,davn
恃,nff
喽,kovg
喽,kov
恃,nffy
涤,itsy
涤,its
铝,qkk
潇,iavj
疹,uwee
疹,uwe
恤,ntlg
恤,ntl
焘,dtfo
懊,ntmd
懊,ntm
阮,bfqn
阮,bfq
札,snn
娴,vus
辙,lyct
娴,vusy
辙,lyc
笃,tcf
肇,ynth
鲤,qgjf
戎,ade
疚,uqy
唔,kgkg
巍,mtvc
巍,mtv
妞,vnfg
妞,vnf
臀,nawe
叽,kmn
褂,pufh
渣,isjg
瀑,ijai
瀑,ija
肮,eym
肮,eymn
薇,atm
薇,atmt
栈,sgt
眶,hag
眶,hagg
狩,qtpf
湛,iad
蔚,anff
椒,shic
椒,shi
蔚,anf
邸,qayb
腮,elny
绊,xufh
绊,xuf
龚,dxaw
龚,dxa
舜,epqh
佟,wtuy
亥,yntw
叱,kxn
拧,rps
拧,rpsh
逞,kgpd
犁,tjrh
犁,tjr
忏,ntfh
逞,kgp
懦,nfdj
呃,kdb
呃,kdbn
谟,yaj
谟,yajd
诅,yeg
诅,yegg
拴,rwg
拴,rwgg
扳,rrc
鞍,afp
鞍,afpv
斟,adwf
缉,xkb
缉,xkbg
嫦,viph
汀,ish
锣,qlqy
趾,khh
锣,qlq
趾,khhg
唬,kham
蓦,ajdc
淀,ipgh
篱,tyb
篱,tybc
坞,fqng
剔,jqrj
畸,lds
畸,ldsk
铮,qqvh
铮,qqv
濒,ihim
隘,buwl
隘,buw
粤,tlon
粤,tlo
孜,bty
髦,detn
悖,nfpb
淳,iyb
淳,iybg
衅,tlu
忿,wvnu
衅,tluf
忒,ani
噜,kqgj
噜,kqg
殆,gqck
殆,gqc
憋,umin
瑚,gdeg
瑚,gde
邹,qvbh
邹,qvb
琪,gadw
琪,gad
韧,fnhy
茄,alkf
饵,qnbg
岔,wvmj
霖,fss
霖,fssu
邑,kcb
宵,pie
宵,pief
宵,pi
绽,xpgh
绽,xpg
痪,uqmd
霄,fie
霄,fief
痪,uqm
屉,nanv
屉,nan
芭,ac
芭,acb
絮,vkx
絮,vkxi
埔,fgey
祀,pynn
裴,djde
扒,rwy
槐,srq
槐,srqc
卦,ffhy
糙,otfp
糙,otf
兢,dqdq
兢,dqd
寥,pnwe
寥,pnw
婿,vnhe
厮,dadr
紊,yxiu
婪,ssvf
婪,ssv
朔,ubte
筷,tnn
筷,tnnw
舷,teyx
缎,xwdc
缎,xwd
赦,fot
苔,ack
苔,ackf
铀,qmg
蕉,awyo
蕉,awy
饷,qntk
檐,sqdy
赁,wtfm
酱,uqsg
芸,afcu
搓,ruda
搓,rud
茜,asf
秽,tmq
秽,tmqy
苛,as
苛,ask
苛,askf
郝,fobh
疮,uwbv
郝,fob
疮,uwb
捂,rgkg
靴,afwx
狈,qtmy
嗦,kfpi
舵,tepx
皂,rab
煽,oynn
硝,dieg
徘,tdjd
硝,die
猾,qtm
猾,qtme
婢,vrtf
婢,vrt
侈,wqq
侈,wqqy
咦,kgxw
咦,kgx
锯,qndg
壕,fyp
壕,fype
夭,tdi
锯,qnd
醋,sgaj
醋,sga
晦,jtxu
晦,jtx
悍,njf
靡,yssd
悍,njfh
庚,yvwi
庚,yvw
抒,rcbh
冉,mfd
抒,rcb
诬,yaw
吭,kymn
吭,kym
崛,mnbm
杠,sag
揪,rto
揪,rtoy
锥,qwy
锥,qwyg
峨,mtrt
峨,mtr
弧,xrcy
弧,xrc
氓,ynna
匣,alk
钝,qgbn
酶,sgtu
铲,qut
铲,qutt
禺,jmhy
疤,ucv
朕,eudy
皓,rtfk
鹃,keq
鹃,keqg
擎,aqkr
谏,ygli
谏,ygl
蝉,jujf
蟹,qevj
柬,gli
柬,glii
峙,mff
峙,mffy
袜,pug
袜,pugs
痰,uoo
痰,uooi
蜘,jtdk
仕,wfg
橱,sdgf
洽,iwgk
洽,iwg
唾,ktg
垦,vef
垦,veff
鞠,afqo
鞠,afq
鞘,afie
崭,ml
崭,mlr
崭,mlrj
揣,rmdj
揣,rmd
榻,sjn
榻,sjng
沛,igmh
拇,rxg
拇,rxgu
盔,dol
盔,dolf
氨,rnp
氨,rnpv
矗,fhfh
咙,kdx
咙,kdxn
怠,ckn
怠,cknu
奕,yod
沁,in
奕,yodu
沁,iny
沧,iwb
沧,iwbn
庵,ydjn
粥,xoxn
粥,xox
窍,pwan
迭,rwp
睦,hf
睦,hfw
睦,hfwf
迭,rwpi
脯,ege
庶,yao
庶,yaoi
凛,uyli
凛,uyl
绎,xcfh
绎,xcf
氯,rnv
氯,rnvi
熔,opwk
熔,opw
挚,rvyr
肘,efy
踱,khyc
惫,tlnu
摹,ajdr
惫,tln
涕,iuxt
肪,eyn
梨,tjs
梨,tjsu
徊,tlkg
徊,tlk
缀,xccc
缀,xcc
牡,trfg
忖,nfy
颐,ahkm
颓,tmdm
熏,tglo
瑛,gamd
瑛,gam
熏,tgl
淌,iimk
淌,iim
栅,smmg
栅,smm
槽,sgmj
磕,dfc
翘,atgn
磕,dfcl
峭,mieg
峭,mi
峭,mie
扛,rag
嗜,kftj
撼,rdgn
浊,ijy
毓,txgq
浊,ij
酌,sgqy
酌,sgq
拚,rca
拚,rcah
嚣,kkdk
珀,grg
襄,ykke
襄,ykk
窘,pwvk
绷,xeeg
绷,xee
趴,khw
宦,pahh
宦,pah
炕,oymn
炕,oym
镶,qyke
镶,qyk
嘘,khag
斐,djdy
婶,vpjh
婶,vpj
慑,nbc
慑,nbcc
汰,idy
汰,idyy
悯,nuy
眷,udhf
渺,ihit
拣,ranw
蝴,jde
蝴,jdeg
悼,nhjh
琉,gycq
琉,gyc
颅,hndm
瞻,hqdy
瞻,hqd
迂,gfp
墟,fhag
磷,doq
磷,doqh
雯,fyu
眯,hoy
眯,ho
豁,pdhk
彰,uje
钙,qgh
礁,dwyo
礁,dwy
溅,imgt
咚,ktuy
垣,fgjg
馈,qnkm
馈,qnk
鄂,kkfb
禀,ylki
戳,nwya
惭,nlrh
惭,nlr
惭,nl
孽,awnb
磅,dupy
磅,dup
蚊,jyy
桨,uqsu
桨,uqs
栓,swg
栓,swgg
锤,qtgf
虞,hak
虞,hakd
慷,nyvi
慷,nyv
竿,tfj
炯,omkg
懿,fpgn
扼,rdb
扼,rdbn
绰,xhj
绰,xhjh
呻,kjhh
呻,kjh
胚,egi
胚,egig
庐,yyne
轼,laag
轼,laa
敛,wgit
窟,pwnm
窟,pwn
釉,tom
釉,tomg
讥,ymn
琢,geyy
琢,gey
厕,dmjk
梗,sgjq
枉,sgg
跋,khdc
矫,tdtj
瓣,urcu
瓣,ur
瓣,urc
乍,thfd
乍,thf
啼,kuph
啼,ku
啼,kup
讳,yfnh
坤,fjhh
廓,yybb
眩,hy
眩,hyxy
眩,hyx
哮,kft
葱,aqrn
伶,wwyc
歹,gqi
蛙,jff
烫,inro
蛙,jffg
墅,jfcf
莺,apq
莺,apqg
瑶,germ
瑶,ger
呐,kmwy
呐,kmw
叩,kbh
棱,sfwt
棱,sfw
簇,tyt
缕,xovg
窦,pwfd
缕,xov
煎,uejo
帖,mhhk
俭,wwgi
廖,ynw
廖,ynwe
禹,tkm
禹,tkmy
蚂,jcg
癫,ufhm
苟,aqkf
粪,oawu
尹,vte
粟,sou
撇,rumt
黯,lfoj
沮,ieg
萌,ajef
俏,wie
萌,aje
俏,wieg
沮,iegg
娅,vgog
娅,vgo
毋,xde
瑜,gwgj
瑜,gwg
姥,vft
姥,vftx
聋,dxb
碱,ddgt
碱,ddg
橡,sqj
橡,sqje
棘,gmii
砰,dguh
砰,dgu
裘,fiye
灼,oqy
灼,oqyy
浇,iat
浇,iatq
膛,eip
膛,eipf
膛,ei
屯,gb
屯,gbn
屯,gbnv
赎,mfnd
赎,mfn
凹,mmgd
裳,ipke
喔,kngf
兀,gqv
熄,othn
凸,hgm
凸,hgmg
骆,ctk
骆,ctkg
呕,kaqy
牟,cr
牟,crhj
牟,crh
苑,aqbb
苑,aqb
嘎,kdh
嘎,kdha
枣,gmiu
擒,rwyc
啤,krt
啤,krtf
簿,tigf
簿,tig
虾,jghy
诀,ynwy
旭,vjd
旭,vj
叨,kvn
襟,pusi
襟,pus
裔,yem
裔,yemk
浏,iyjh
冢,pey
蹦,khme
嘟,kftb
胧,edx
胧,edxn
涩,ivy
涩,ivyh
碟,dan
碟,dans
琐,gim
琐,gimy
畔,luf
畔,lufh
虔,hay
虔,hayi
嵌,maf
嵌,mafw
咋,kthf
蔓,ajl
蔓,ajlc
隋,bdae
僻,wnk
僻,wnku
隋,bda
朦,eape
朦,eap
觅,emq
觅,emqb
贮,mpgg
贮,mpg
瘫,ucwy
晌,jtmk
晌,jtm
缆,xjtq
缆,xjt
驯,ckh
腻,eafm
腻,eaf
揉,rcbs
缸,rmag
缸,rma
嗽,kgkw
挟,rgu
挟,rguw
邵,vkbh
邵,vkb
帜,mhkw
啪,krr
啪,krrg
哺,kgey
矢,tdu
哺,kge
秉,tgv
秉,tgvi
揽,rjtq
揽,rjt
髓,medp
髓,med
寝,puvc
吱,kfc
吱,kfcy
匿,aadk
盏,glf
菱,afwt
鳍,qgfj
稼,tpe
稼,tpey
噪,kkks
聂,bccu
婉,vpq
婉,vpqb
倏,whtd
搂,rov
搂,ro
搂,rovg
庇,yxxv
挠,ratq
庇,yxx
冶,uck
冶,uckg
绥,xev
绥,xevg
杏,skf
澜,iugi
敷,geht
蚕,gdj
蚕,gdju
坝,fmy
梢,sie
梢,sieg
娥,vtrt
娥,vtr
嗡,kwcn
嗡,kwc
伺,wng
樱,smmv
删,mmgj
蓉,apwk
蓉,apw
喧,kpg
喧,kpgg
喧,kp
妓,vfcy
妓,vfc
嘶,kad
嘶,kadr
佑,wdk
佑,wdkg
棕,spf
棕,spfi
棕,sp
焕,oqm
焕,oqmd
兮,wgnb
斧,wqrj
斧,wqr
诫,yaah
衙,tgk
瞅,htoy
暮,ajdj
瞅,hto
愕,nkkn
茵,ald
茵,aldu
愕,nkk
酿,sgye
鳞,qgo
鳞,qgoh
溯,iub
溯,iube
暇,jnhc
暇,jnh
滔,iev
滔,ievg
涡,ikm
涡,ikmw
萎,atv
哉,fakd
哉,fak
萎,atvf
澄,iwgu
拯,rbig
厥,dubw
拯,rbi
捡,rwgi
麟,ynjh
崎,mds
崎,mdsk
潭,isjh
潭,isj
俺,wdjn
窥,pwfq
腥,ejtg
腥,ejt
汹,iqbh
萝,alqu
萝,alq
咯,ktk
暑,jft
暑,jftj
惕,njqr
惕,njq
咧,kgq
碳,dmd
碳,dmdo
狸,qtjf
冥,pju
芽,aah
芽,aaht
彬,sse
旷,jyt
沪,iynt
沪,iyn
沦,iwxn
沦,iwx
嚼,kel
嚼,kelf
羡,ugu
羡,uguw
硫,dyc
硫,dycq
尬,dnw
诧,ypta
尬,dnwj
镖,qsfi
镖,qsf
尴,dnjl
麽,yssc
捣,rqym
顷,xd
顷,xdmy
顷,xdm
蝇,jkj
蝇,jkjn
蝇,jk
蔬,anhq
蔬,anh
稚,twy
杉,set
晤,jgk
晤,jgkg
梳,syc
梳,sycq
坪,fgu
坪,fguh
莽,ada
莽,adaj
泻,ipgg
砂,di
砂,dit
砂,ditt
桐,smgk
毯,tfno
栋,sai
拙,rbm
奢,dft
骸,mey
骸,meyw
瞥,umih
熬,gqto
叭,kwy
嗅,kthd
烁,oqi
烁,oqiy
遏,jqwp
畴,ldt
刃,vyi
沸,ixjh
沸,ixj
纬,xfnh
凿,ogub
凿,ogu
澡,ikks
澡,ik
澡,ikk
鸽,wgkg
嗣,kmak
嗣,kma
匀,qud
匀,qu
灶,of
灶,ofg
嫉,vutd
嫉,vut
懈,nqeh
懈,nq
懈,nqe
缔,xuph
缔,xup
耿,bo
耿,boy
棺,spn
棺,spnn
钮,qnf
诏,yvk
诏,yvkg
姬,vah
姬,vahh
丫,uhk
梭,scwt
梭,scw
凳,wgkm
搅,ripq
绒,xad
绒,xadt
喇,kgkj
喇,kgk
缅,xdmd
茎,acaf
茎,aca
膏,ypk
垮,fdfn
膏,ypke
绞,xuq
绞,xuqy
阀,uwa
阀,uwae
狡,qtu
荫,abe
荫,abef
莹,apgy
陛,bxx
陛,bxxf
陛,bx
堕,bdef
虐,haag
虐,haa
侄,wgcf
岚,mmqu
魅,rqci
侣,wkkg
侣,wkk
陋,bgmn
陋,bgm
蹈,khev
耽,bpq
耽,bpqn
募,ajdl
募,ajd
奠,usgd
颊,guwm
褐,pujn
蛛,jri
蛛,jriy
藻,aiks
藻,aik
昼,nyj
躬,tmdx
犬,dgty
蹄,khuh
钞,qitt
钞,qit
丙,gmwi
痒,uudk
痒,uud
丙,gmw
榴,sqy
榴,sqyl
淑,ihic
逛,qtgp
铅,qmk
铅,qmkg
捆,rlsy
捆,rls
妆,uvg
妆,uv
驼,cpx
驼,cpxn
驼,cp
氢,rnc
氢,rnca
绸,xmf
绸,xmfk
屿,mgn
圾,fe
圾,feyy
圾,fey
蕴,axj
蕴,axjl
剿,vjsj
霜,fsh
霜,fs
霜,fshf
晒,jsg
烤,oftn
烤,oft
垃,fug
浆,uqi
芙,afw
芙,afwu
浆,uqiu
蚀,qnjy
蚀,qnj
鹤,pwy
鹤,pwyg
拂,rxjh
藩,aitl
侮,wtx
侮,wtxu
倚,wds
倚,wdsk
弘,xcy
鲸,qgy
鲸,qgyi
藉,adi
藉,adij
憎,nul
枢,saq
憎,nulj
掷,rudb
燥,okks
燥,okk
黛,walo
黛,wal
叮,ksh
逾,wgep
泌,int
泌,intt
奎,dfff
泳,iyni
丐,ghn
丐,ghnv
枕,spq
涯,idf
蜀,lqju
甩,en
甩,env
蜀,lqj
寞,paj
寞,pajd
谣,yerm
谣,yer
魁,rqcf
妒,vynt
垫,rvyf
辜,duj
栗,ssu
囚,lwi
蜡,jajg
蜡,jaj
敞,imkt
灿,om
炒,oitt
炒,oit
炒,oi
甸,ql
贱,mgt
甸,qld
逗,gkup
馨,fnmj
馨,fnm
勘,adwl
卒,ywwf
倩,wgeg
煮,ftjo
腕,epqb
腕,epq
篷,ttdp
淹,idjn
淹,idj
诡,yqd
诡,yqdb
缚,xgef
缚,xge
蔑,aldt
谕,ywgj
妃,vnn
拱,raw
拱,rawy
呜,kqng
霆,ftf
霆,ftfp
踩,khes
睹,hft
贿,mde
贿,mdeg
寇,pfqc
幢,mhu
幢,mhuf
瞄,halg
瞄,hal
娟,vke
娟,vkeg
勿,qre
禽,wyb
笛,tmf
醇,sgyb
彦,uter
傍,wup
傍,wupy
诵,yceh
榜,sup
榜,supy
珊,gmm
珊,gmmg
绅,xjhh
绅,xjh
雁,dww
雁,dwwy
崔,mwy
崔,mwyf
荆,agaj
荆,aga
冀,uxl
冀,uxlw
迄,tnpv
迄,tnp
碌,dvi
碌,dviy
汝,ivg
佣,weh
靖,uge
靖,ugeg
朽,sgnn
驴,cynt
驴,cyn
坊,fyn
桓,sgjg
汁,ifh
芯,anu
骇,cynw
烛,ojy
烛,oj
贬,mtp
贬,mtpy
恍,niqn
恍,niq
毙,xxgx
詹,qdw
詹,qdwy
伽,wlkg
伽,wlk
锻,qwd
锻,qwdc
铸,qdt
稻,tev
稻,tevg
宛,pqbb
宛,pqb
宛,pq
谴,ykhp
焉,ghg
咸,dgk
咸,dgkt
哟,kxqy
哟,kxq
哟,kx
旱,jfj
迦,lkp
迦,lkpd
秃,tmb
渗,icde
渗,icd
怡,nck
怡,nckg
壶,fpo
壶,fpog
蚁,jyq
蚁,jyqy
屑,nied
镑,qupy
镑,qup
颖,xtd
颖,xtdm
哄,kaw
哄,kawy
兜,qrnq
魄,rrqc
鄙,kfl
鄙,kflb
菊,aqo
菊,aqou
捞,rapl
捞,rap
豹,eeqy
峻,mcw
峻,mcwt
竖,jcuf
竖,jcu
钧,qqug
匈,qqbk
衬,puf
匈,qqb
衬,pufy
韵,ujqu
嫩,vgkt
嫩,vgk
焚,sso
淘,iqrm
淘,iqr
蹲,khuf
嗓,kcc
嗓,kccs
沫,igsy
沫,igs
娶,bcvf
娶,bcv
娱,vkgd
瑰,grq
瑰,grqc
桩,syf
桩,syfg
胳,etkg
胳,etk
棠,ipks
劈,nkuv
哗,kwxf
怯,nfcy
哗,kwx
熙,ahko
熙,ahk
剖,ukjh
剖,ukj
祷,pyd
株,sri
钥,qeg
沼,ivkg
沼,ivk
卸,rhb
卸,rhbh
苹,aguh
苹,agu
芦,aynr
匙,jghx
虏,halv
滨,iprw
滨,ipr
阎,uqvd
捏,rjfg
乖,tfux
谜,yopy
喀,kpt
喀,kptk
掀,rrqw
掀,rrq
厢,dshd
贩,mr
贩,mrc
贩,mrcy
厢,dsh
塌,fjn
塌,fjng
堤,fjgh
斩,lrh
斩,lr
丸,vyi
窜,pwk
栖,ssg
帆,mhm
帆,mhmy
帘,pwm
趟,fhi
趟,fhik
砸,damh
椎,swyg
溢,iuw
溢,iuwl
凰,mrgd
凰,mrg
邱,rgbh
邱,rgb
躁,khks
屡,novd
屡,nov
屡,no
泣,iug
棚,see
棚,seeg
轿,ltdj
轿,ltd
坎,fqw
坎,fqwy
肆,dvf
肆,dvfh
肆,dv
踢,khj
踢,khjr
祈,pyrh
祈,pyr
斌,yga
斌,ygah
譬,nkuy
膊,egef
攀,sqq
攀,sqqr
轴,lmg
轴,lm
衍,tif
衍,tifh
塘,fyvk
塘,fyv
杖,sdyy
杖,sdy
绣,xten
哇,kff
哇,kffg
嘻,kfkk
嘻,kfk
裙,puvk
纱,xitt
纱,xi
纱,xit
乞,tnb
辐,lgkl
辐,lgk
稽,tdnj
挫,rww
霉,ftxu
兑,ukqb
嘿,klfo
嘿,klf
宠,pdx
宠,pdxb
绑,xdt
绑,xdtb
辣,ugk
隙,biji
隙,bij
咕,kdg
垒,cccf
谐,yxxr
膨,efk
膨,efke
颂,wcd
糕,ougo
壤,fyke
壤,fyk
桶,sce
桶,sceh
罐,rmay
纺,xyn
纺,xy
咨,uqwk
厄,dbv
彪,hame
瞒,hagw
斋,ydm
斋,ydmj
诈,ythf
诈,yth
沾,ihk
沾,ihkg
栽,fasi
栽,fas
琳,gss
琳,gssy
巷,awn
蓬,atdp
鸦,ahtg
冤,pqk
冤,pqky
瞎,hp
瞎,hpd
瞎,hpdk
姜,ugvf
姜,ugv
媳,vthn
龟,qjnb
龟,qjn
谍,yan
谍,yans
谬,ynwe
轩,lf
轩,lfh
昔,ajf
裹,yjse
螺,jlx
螺,jlxi
绢,xkeg
绢,xke
巩,amy
哨,kieg
哨,kie
雌,hxwy
雌,hxw
禄,pyvi
禄,pyv
搁,rut
咖,klkg
咖,klk
爽,dqqq
爽,dqq
擅,rylg
擅,ryl
昧,jfi
舅,vllb
舅,vl
舅,vll
拢,rdx
咳,kynw
拢,rdxn
搏,rgef
眨,htpy
眨,htp
坟,fy
坟,fyy
炭,mdo
炭,mdou
荐,adh
哑,kgo
哑,kgog
荐,adhb
贞,hmu
贞,hm
殷,rvn
殷,rvnc
兔,qkqy
爪,rhyi
陡,bfh
陡,bfhy
肾,jcef
肾,jce
饼,qnua
饼,qnu
亩,ylf
蒸,abio
篮,tjtl
鼎,hndn
鼎,hnd
砖,dfny
浸,ivp
浸,ivpc
捧,rdwh
捧,rdw
凄,ugvv
刮,tdjh
郊,uqbh
郊,uqb
勋,kml
勋,kmln
弊,umia
噢,ktmd
杭,symn
杭,sym
谦,yuvo
谦,yuv
蒲,aigy
涅,ijfg
窑,pwr
舆,wfl
侨,wtd
茅,acbt
夷,gxwi
夷,gxw
逸,qkqp
垄,dxf
垄,dxff
肢,efc
肢,efcy
僵,wgl
撕,radr
撕,rad
旬,qjd
旬,qj
雀,iwyf
涵,ibib
涵,ibi
倦,wud
倦,wudb
衔,tqf
衔,tqfh
啡,kdj
泼,inty
啡,kdjd
嘲,kfj
嘲,kfje
袍,puqn
袍,puq
笨,tsgf
笨,tsg
讽,ymqy
讽,ymq
狐,qtr
狐,qtry
惶,nrgg
颁,wvd
舶,ter
舶,terg
辰,dfe
辰,dfei
戚,dhi
戚,dhit
渠,ians
恕,vknu
恕,vkn
寨,pfjs
猿,qtfe
吏,gkq
吏,gkqi
躯,tmdq
茂,adn
姚,viqn
姚,viq
膝,esw
膝,eswi
蝶,jans
蝶,jan
钓,qqyy
硕,ddm
玫,gty
玫,gt
啸,kvij
啸,kvi
滞,igkh
滞,igk
撰,rnnw
吩,kwvn
吩,kwv
巢,vjs
巢,vjsu
淫,iet
淫,ietf
屁,nxxv
漆,iswi
漆,isw
屁,nxx
哎,kaq
淮,iwyg
淮,iwy
稣,qgty
媚,vnhg
媚,vnh
浴,iww
浴,iwwk
郡,vtkb
棒,sdwh
棒,sdw
姨,vg
姨,vgx
姨,vgxw
咒,kkmb
咒,kkm
瓷,uqwn
堵,fft
堵,fftj
洒,is
洒,isg
滥,ijtl
滥,ijt
巾,mhk
煞,qvto
煞,qvt
坠,bwff
溶,ipwk
徽,tmgt
煌,orgg
煌,or
愧,nrqc
愧,nrq
谱,yuo
谱,yuoj
喻,kwgj
惹,adkn
叠,cccg
摔,ryx
摔,ryxf
憾,ndgn
寡,pdev
寡,pde
钉,qsh
钉,qs
饶,qnaq
饶,qna
恳,venu
厦,ddh
愣,nly
愣,nlyn
厘,djfd
俯,wyw
耍,dmjv
焰,oqv
焰,oqvg
弦,xyx
弦,xyxy
腺,eriy
腺,eri
嚷,kyk
嚷,kyke
钩,qqcy
棍,sjx
棍,sjxx
聘,bmg
聘,bmgn
筋,telb
芒,aynb
芒,ayn
鞭,afwq
刹,qsj
骄,ctdj
崖,mdff
兆,iqv
湘,ishg
窄,pwtf
陌,bdj
陌,bdjg
坑,fym
坑,fymn
柄,sgmw
柄,sgm
粘,ohkg
粘,ohk
粘,oh
歪,gig
歪,gigh
拓,rd
拓,rdg
骚,ccyj
姊,vtnt
捐,rke
僚,wdui
僚,wdu
拐,rkl
拐,rkln
喃,kfm
喃,kfmf
叉,cyi
懒,ngkm
弓,xng
弓,xngn
脊,iwe
脊,iwef
剪,uejv
蔡,awfi
蔡,awf
痴,utdk
舟,tei
脾,ertf
脾,ert
挽,rqkq
罕,pwfj
罕,pwf
晰,jsr
狄,qtoy
掏,rqr
逮,vip
砍,dqw
晕,jpl
晕,jp
晕,jplj
岭,mwyc
抄,rit
抄,ritt
掘,rnbm
狮,qtjh
萄,aqrm
萄,aqr
菩,auk
菩,aukf
慨,nvc
慨,nvcq
谎,yayq
谎,yay
脂,exj
脂,ex
脂,exjg
琼,gyiy
挪,rvf
碑,drt
匪,adjd
伞,wuhj
伞,wuh
藤,aeui
藤,aeu
寓,pjm
寓,pjmy
旺,jgg
阐,uujf
阐,uuj
禅,pyuf
蠢,dwjj
溪,iex
溪,iexd
凑,udw
凑,udwd
渊,ito
渊,itoh
怔,ngh
怔,nghg
昭,jvkg
昭,jvk
巫,aww
巫,awwi
枯,sd
猴,qtw
猴,qtwd
绵,xrm
倡,wjjg
绵,xr
绵,xrmh
翔,udng
撑,rip
撑,ripr
赚,muv
赚,muvo
逢,tdhp
逢,tdh
萍,aigh
账,mtay
账,mta
崩,mee
崩,meef
翠,nywf
虹,jag
虹,ja
脖,efp
脖,efpb
饥,qnm
盼,hwvn
盼,hwv
饥,qnmn
鹅,trng
屠,nft
屠,nftj
胶,euq
胶,euqy
胶,eu
耻,bhg
耻,bh
淋,iss
薪,aus
薪,ausr
摧,rmwy
摧,rmw
碧,grd
碧,grdf
裸,pujs
耸,wwb
讶,yaht
讶,yah
浦,igey
矩,tdan
矩,tda
陕,bgu
陕,bguw
娇,vtdj
衷,ykhe
嘱,knt
嘱,knty
摊,rcwy
摊,rcw
宴,pjv
宴,pjvf
衫,pue
甫,geh
甫,gehy
吼,kbnn
吼,kbn
芝,ap
芝,apu
歉,uvow
庸,yveh
钦,qqwy
钦,qqw
亨,ybj
谭,ysjh
谭,ysj
框,sagg
嫂,vvh
嫂,vvhc
陀,bpxn
陀,bpx
瘤,uqyl
辟,nkuh
辟,nku
仑,wxb
吁,kgfh
圳,fkh
谊,ypeg
谊,ype
遮,yaop
颠,fhwm
鸭,lqy
鸭,lqyg
厨,dgkf
後,txt
後,txty
葡,aqg
葡,aqgy
闯,ucd
跪,khqb
冻,uaiy
冻,uai
尉,nfif
莎,aiit
妮,vnx
妮,vnxn
赠,mul
赠,mu
赠,mulj
畅,jhnr
蔽,aum
蔽,aumt
谅,yyi
谅,yyiy
浙,irrh
浙,irr
倘,wim
倘,wimk
颈,cad
颈,cadm
孝,ftbf
孝,ftb
婴,mmv
婴,mmvf
瞬,heph
瞬,hep
愁,tonu
翁,wcn
盈,ecl
匠,ar
盈,eclf
匠,ark
趁,fhwe
棵,sjs
玑,gmn
纤,xtf
臭,thdu
艳,dhq
艳,dhqc
窃,pwav
栏,suf
栏,sufg
逝,rrp
驰,cbn
链,qlp
链,qlpy
拘,rqkg
拘,rqk
妄,ynvf
喉,kwn
喉,kwnd
誓,rryf
孕,ebf
咐,kwfy
咐,kwf
朴,shy
唉,kctd
唉,kct
裤,puyl
裤,puy
棋,sadw
棋,sad
筒,tmgk
抹,rgsy
抹,rgs
辽,bpk
辽,bp
禧,pyfk
扯,rhg
胀,etay
胀,eta
啥,kwfk
佐,wdag
佐,wda
宰,puj
盲,ynhf
盲,ynh
勉,qkql
灌,iak
灌,iaky
拆,rry
廊,yyvb
廊,yyv
鲍,qgq
锅,qkmw
锅,qkm
鲍,qgqn
赐,mjq
赐,mjqr
歧,hfcy
歧,hfc
潘,itol
矣,ctd
矣,ctdu
矣,ct
蛮,yoju
蛮,yoj
盒,wgkl
翅,fcn
翅,fcnd
璇,gyth
催,wmwy
催,wmw
嫁,vpe
嫁,vpey
滩,icwy
滩,icw
铭,qqk
铭,qqkg
葬,agq
葬,agqa
卑,rtfj
锡,qjqr
锡,qjq
俘,web
俘,webg
鹿,ynj
鹿,ynjx
悠,whtn
涛,idt
涛,idtf
斑,gyg
斑,gygg
漏,infy
贾,smu
吊,kmhj
吊,kmh
瞪,hwgu
瞪,hwg
羞,udn
冈,mqi
缠,xyj
缠,xyjf
骤,cbci
骤,cbc
肺,egmh
肺,egm
泊,ir
泊,irg
嗯,kldn
吵,ki
囊,gkhe
囊,gkh
吵,kit
吵,kitt
畏,lgeu
畏,lge
塑,ubtf
赌,mftj
疆,xfg
疆,xfgg
勾,qci
盆,wvlf
盆,wvl
辅,lgey
披,rhc
披,rhcy
咽,kld
咽,kldy
畜,yxlf
畜,yxl
卿,qtvb
秒,ti
秒,tit
秒,titt
矮,tdtv
摘,rum
摘,rumd
於,ywu
於,ywuy
顽,fqd
顽,fqdm
裕,puw
驳,cqqy
驳,cqq
霞,fnhc
甜,tdaf
肖,ief
肖,ie
狭,qtgw
遂,uep
遂,uepi
猩,qtjg
吟,kwyn
蜜,pntj
僧,wul
僧,wulj
挨,rctd
挨,rct
杆,sfh
泄,iann
氛,rnwv
氛,rnw
卵,qyty
卵,qyt
姻,vldy
姻,vld
儒,wfd
儒,wfdj
酬,sgyh
爹,wqqq
夕,qtny
亭,yps
亭,ypsj
贼,madt
泡,iqn
泡,iqnn
乾,fjtn
乾,fjt
饱,qnqn
诞,ythp
拦,ruf
悦,nuk
悦,nukq
柜,sang
柜,san
扇,ynnd
奸,vfh
浑,ipl
浑,iplh
慕,ajdn
傻,wtlt
喂,klge
竭,ujqn
眠,hna
眠,hnan
蓄,ayxl
蓄,ayx
胎,eckg
绳,xkjn
胎,eck
愉,nwgj
愉,nwg
愉,nw
柴,hxsu
柴,hxs
炉,oyn
炉,oynt
卜,hhy
罩,lhjj
罩,lhj
喘,kmd
喘,kmdj
脆,eqd
脆,eqdb
逆,ubtp
逆,ubt
扮,rwvn
扮,rwv
渴,ijq
吻,kqr
吻,kqrt
饲,qnnk
填,ffh
填,ffhw
铃,qwyc
晴,jge
棉,srmh
棉,srm
哼,kybh
哼,kyb
陵,bfw
陵,bfwt
携,rwye
睁,hqvh
睁,hqv
窝,pwkw
拾,rwgk
傲,wgqt
剥,vijh
舌,tdd
胃,le
胃,lef
豫,cbq
豫,cbqe
夸,dfn
夸,dfnb
皱,qvhc
薛,awnu
昂,jqb
昂,jqbj
茫,aiy
函,bibk
函,bib
哩,kjf
哩,kjfg
锦,qrm
欠,qw
锦,qrmh
欠,qwu
毅,uem
毅,uemc
膜,eajd
卧,ahnh
贤,jcm
贤,jcmu
卓,hjj
膀,eupy
膀,eup
穴,pwu
碗,dpq
碗,dpqb
痕,uvei
痕,uve
壳,fpmb
壳,fpm
茨,auqw
肌,em
肌,emn
纲,xm
纲,xmq
纲,xmqy
挡,riv
挡,rivg
聊,bqt
聊,bqtb
滋,iux
滋,iuxx
桂,sffg
桂,sff
丘,rgd
笼,tdxb
笼,tdx
鹰,ywwg
鹏,eeqg
鹏,eeq
爵,elvf
爵,elv
鸿,iaqg
溜,iqyl
忌,nnu
肠,enr
肠,enrt
苗,alf
葛,ajqn
葛,ajq
谨,yak
谨,yakg
糟,ogmj
溃,ikh
溃,ikhm
郁,debh
郁,deb
腔,epwa
腔,epw
哦,ktr
哦,ktrt
蜂,jtdh
蜂,jtd
饿,qnt
辨,uyt
辨,uytu
俱,whw
俱,whwy
匹,aqv
辱,dfef
盯,hs
盯,hsh
扔,re
扔,ren
寸,fghy
柯,ssk
柯,sskg
丑,nfd
劣,itl
劣,itlb
颤,ylkm
姿,uqwv
萧,avij
疏,nhy
疏,nhyq
滴,iumd
滴,ium
愚,jmhn
璃,gybc
璃,gyb
胖,euf
寺,ffu
寺,ff
屏,nua
屏,nuak
芬,awv
芬,awvb
庙,ymd
帅,jmh
帅,jmhh
傅,wge
傅,wgef
览,jtyq
盐,fhl
枚,sty
轨,lvn
轨,lv
仓,wbb
唇,dfek
翰,fjwn
翰,fjw
悬,egcn
莉,atj
莉,atjj
尿,nii
汪,ig
汪,igg
挣,rqvh
贪,wynm
妨,vyn
妨,vy
乙,nnl
乙,nnll
侍,wff
侍,wffy
祸,pykw
妖,vtd
妖,vtdy
掠,ryiy
酷,sgtk
斤,rtt
羽,nnyg
羽,nny
浩,itfk
氧,rnud
讼,ywc
讼,ywcy
呵,kskg
呵,ksk
挖,rpwn
添,igdn
添,igd
斥,ryi
宅,pta
宅,ptab
惟,nwyg
惟,nwy
玲,gwyc
玲,gwy
邀,rytp
悔,ntxu
悔,ntx
缝,xtdp
锐,quk
锐,qukq
耕,dif
耕,difj
庞,ydx
庞,ydxv
址,fhg
俊,wcw
俊,wcwt
舱,tew
舱,tewb
嘉,fkuk
岳,rgm
岳,rgmj
赴,fhh
搭,rawk
瘦,uvhc
瘦,uvh
妥,ev
妥,evf
桃,siq
霸,faf
霸,fafe
莲,alp
莲,alpu
赢,ynky
唤,kqmd
唤,kqm
缴,xry
缴,xryt
娃,vffg
娃,vff
串,kkhk
串,kkh
乳,ebnn
乳,ebn
闷,uni
雕,mfky
歇,jqw
歇,jqww
瓜,rcy
嫌,vuvo
嫌,vu
嫌,vuv
劫,fcln
刷,nmhj
刷,nmh
覆,sttt
覆,stt
捉,rkhy
捉,rkh
惩,tghn
拼,rua
拼,ruah
契,dhvd
契,dhv
廉,yuvo
雇,ynwy
墓,ajdf
歼,gqt
牺,trsg
牺,trs
郭,ybbh
郭,ybb
仆,why
堪,fad
伐,wat
绘,xwf
绘,xwfc
拨,rnt
沃,itdy
坛,ffcy
坛,ffc
扭,rnf
耀,iqny
涨,ix
涨,ixt
履,ntt
隶,vii
肚,efg
癌,ukkm
癌,ukk
宏,pdc
吞,gdk
晃,jiq
晃,ji
岗,mmq
削,iej
削,iejh
豆,gkuf
豆,gku
肿,ekh
疫,umci
疫,umc
肿,ek
肿,ekhh
肤,efwy
肤,efw
捷,rgv
捷,rgvh
稀,tqd
档,si
档,sivg
档,siv
斜,wtuf
弥,xqi
弥,xqiy
拳,udr
拳,udrj
醉,sgyf
醉,sgy
祭,wfiu
祭,wfi
兹,uxx
兹,uxxu
遣,khgp
叛,udrc
疲,uhci
疲,uhc
漠,iajd
漠,iaj
怖,ndm
怖,ndmh
押,rl
押,rlh
跨,khd
跨,khdn
齿,hwb
齿,hwbj
铜,qmgk
磁,du
磁,dux
磁,duxx
渔,iqgg
玻,ghc
玻,ghcy
纹,xyy
纽,xnf
纽,xnfg
搬,rte
搬,rtec
慎,nfh
慎,nfhw
恒,ngjg
恒,ngj
炼,oanw
猪,qtfj
擦,rpwi
肝,ef
肝,efh
昆,jx
昆,jxx
昆,jxxb
夹,guwi
夹,guw
抖,rufh
侯,wntd
侯,wnt
袁,fke
袁,fkeu
烂,oufg
踏,khij
哀,yeu
宿,pwdj
帽,mhj
帽,mhjh
秩,trw
秩,trwy
抑,rqbh
抑,rqb
赋,mga
糖,oyvk
暖,jef
暖,jefc
循,trfh
湿,ijo
湿,ijog
恭,awnu
熊,cexo
煤,oafs
煤,oaf
煤,oa
寂,ph
寂,phic
寂,phi
亏,fnv
扁,ynma
粹,oywf
粹,oyw
涂,iwt
涂,iwty
赔,mukg
赔,muk
菌,altu
菌,alt
敲,ymkc
凌,ufw
凌,ufwt
耗,ditn
苍,awbb
喷,kfa
喷,kfam
苍,awb
峡,mguw
峡,mgu
岂,mnb
岂,mn
晶,jjj
晶,jjjf
纠,xnh
钻,qhk
纠,xnhh
钻,qhkg
敦,ybty
敦,ybt
浅,igt
抚,rfq
抚,rfqn
冯,ucg
冯,uc
尘,iff
玄,yxu
吕,kk
吕,kkf
遥,er
遥,ermp
遥,erm
粒,oug
冠,pfqf
仗,wdyy
卢,hne
卢,hn
疼,utui
疼,utu
池,ib
池,ibn
狼,qtye
狼,qty
诱,yten
诱,yte
仲,wkhh
燕,auko
燕,au
恼,nyb
恼,nybh
瓶,uag
瓶,uagn
衰,ykge
琴,ggw
琴,ggwn
吨,kgb
吨,kgbn
欺,adww
迈,dnpv
迈,dnp
逊,bip
逊,bipi
牢,prh
牢,prhj
戈,agnt
瑟,ggn
瑟,ggnt
鼠,vnun
鼠,vnu
抛,rvl
抛,rvln
柱,sygg
柱,syg
贺,lkmu
贺,lkm
蛇,jpxn
蛇,jpx
臂,nkue
猎,qta
猎,qtaj
袖,pum
袖,pumg
旨,xjf
旨,xj
屈,nbmk
屈,nbm
穆,tri
穆,trie
阁,utk
阁,utkd
沈,ipq
鸣,kqyg
鸣,kqy
牵,dpr
丛,wwg
筹,tdtf
誉,iwyf
阔,uitd
阔,uit
猫,qtal
祥,pyu
祥,pyud
梯,sux
梯,suxt
锋,qtd
锋,qtdh
雾,ftlb
雾,ftl
聪,bukn
悟,ngkg
韦,fnhk
韦,fnh
揭,rjq
揭,rjqn
割,pdhj
陪,bukg
陪,buk
弯,yox
椅,sdsk
椅,sds
弯,yoxb
挤,ryjh
挤,ryj
赤,fou
赤,fo
邻,wycb
咬,kuqy
咬,kuq
械,saah
械,sa
械,saa
曰,jhng
鉴,jtyq
狠,qtv
狠,qtve
吐,kfg
邮,mbh
邮,mb
祝,pykq
祝,pyk
慌,nayq
慌,nay
吾,gkf
魏,tvrc
魏,tvr
艰,cve
艰,cv
艰,cvey
紫,hxxi
紫,hxx
晋,gogj
躲,tmds
辖,lpdk
涌,ice
涌,iceh
泉,riu
埋,fjf
埋,fjfg
丢,tfcu
丢,tfc
鞋,afff
怨,qbn
怨,qbnu
幽,xxm
幽,xxmk
腾,eud
腾,eudc
脏,eyf
脏,eyfg
厌,ddi
慰,nfi
慰,nfin
凝,uxth
凝,uxt
迁,tfpk
迁,tfp
董,atgf
董,atg
嘛,ky
嘛,kys
嘛,kyss
澳,itm
廷,tfpd
扣,rk
扣,rkg
奈,dfi
奈,dfiu
辉,iqpl
匆,qry
匆,qryi
尝,ipf
尝,ipfc
肥,ecn
肥,ec
盗,uqwl
汤,inr
汤,inrt
询,yqjg
询,yqj
惧,nhw
寿,dtf
寿,dtfu
邓,cbh
邓,cb
铺,qge
扶,rfw
寄,pds
寄,pdsk
沟,iqc
沟,iqcy
钢,qmq
钢,qmqy
躺,tmdk
叙,wtc
叙,wtcy
昌,jjf
昌,jj
贷,wam
贷,wamu
饰,qnth
帐,mht
帐,mhty
兽,ulgk
兽,ulg
陶,bqrm
陶,bqr
惑,akgn
怜,nwyc
猜,qtge
狱,qtyd
柏,srg
貌,eerq
脉,eyni
遵,usgp
垂,tga
垂,tgaf
逻,lqpi
逻,lqp
跌,khr
腹,etj
腹,etjt
竹,ttg
稿,tym
芳,ay
芳,ayb
浓,ipey
浓,ipe
娜,vvfb
娜,vvf
佳,wffg
牲,trtg
凉,uyiy
牧,trt
牧,trty
籍,tdij
践,khgt
践,khg
幼,xln
腐,ywfw
孟,blf
俩,wgmw
俩,wgm
柔,cbts
仔,wbg
朵,ms
朵,msu
曹,gmaj
曹,gma
饮,qnq
饮,qnqw
漂,isf
漂,isfi
驾,lkcf
驾,lkc
戒,aak
勤,akgl
搜,rvh
搜,rvhc
呈,kg
呈,kgf
劝,cl
劝,cln
昏,qajf
颇,hcd
颇,hcdm
逼,gklp
锁,qim
柳,sqtb
柳,sqt
伪,wyl
伪,wyly
殿,nawc
殿,naw
焦,wyou
焦,wyo
燃,oqdo
截,faw
瞧,hwyo
瞧,hwy
坡,fhcy
坡,fhc
疯,umq
疯,umqi
贡,am
贡,amu
绩,xgm
绩,xgmy
剂,yjjh
颜,utem
巡,vp
巡,vpv
奏,dwg
滚,iuc
滚,iuce
拟,rny
撞,ruj
邪,ahtb
递,uxhp
磨,yssd
仇,wvn
频,hidm
频,hid
宾,prgw
宾,prg
宾,pr
勃,fpb
勃,fpbl
踪,khp
踪,khpi
洁,ifkg
洁,ifk
惨,ncde
惨,ncd
闲,usi
桑,cccs
飘,sfiq
储,wyf
册,mm
惠,gjh
惠,gjhn
欣,rqw
欣,rqwy
届,nm
届,nmd
堡,wksf
驶,ckq
驶,ckqy
帕,mhr
肃,vij
肃,vijk
尸,nngt
跃,khtd
兼,uvo
兼,uvou
豪,ypeu
掩,rdjn
惜,najg
驱,caqy
驱,caq
龄,hwbc
扑,rhy
愤,nfam
愤,nfa
佩,wmg
佩,wmgh
媒,vafs
媒,vaf
慧,dhdn
凤,mc
凤,mci
骗,cyna
拔,rdc
拔,rdcy
彭,fkue
氏,qa
氏,qav
泥,inx
泥,inxn
粉,owvn
粉,ow
粉,owv
腊,eajg
腊,eaj
箭,tue
箭,tuej
插,rtfv
插,rtf
胁,elwy
胁,elw
墨,lfof
拖,rtb
拖,rtbn
枝,sfc
枝,sfcy
汗,ifh
阅,uuk
阅,uukq
乔,tdjj
乔,tdj
慈,uxxn
趋,fhqv
绕,xatq
绕,xat
宪,ptf
宪,ptfq
扰,rdn
崇,mpf
崇,mpfi
券,udvb
券,udv
滑,ime
侦,whm
侦,whmy
贯,xfm
贯,xfmu
辈,djdl
黎,tqt
昨,jt
昨,jth
尺,nyi
峰,mtdh
峰,mtd
伍,wgg
键,qvfp
艘,tevc
辞,tduh
励,ddnl
挺,rtfp
吓,kghy
吓,kgh
餐,hqce
餐,hq
餐,hqc
恋,yonu
恋,yon
辛,uygh
浮,iebg
浮,ieb
忧,ndn
忧,ndnn
眉,nhd
舒,wfkb
腰,esv
腰,esvg
郎,yvcb
酸,sgc
酸,sgct
漫,ijlc
贴,mhkg
贴,mhk
箱,tshf
箱,tsh
番,tol
液,iyw
液,iywy
赏,ipkm
骂,kkc
骂,kkcf
颗,jsdm
颗,jsd
凯,mnm
凯,mnmn
剩,tuxj
撒,rae
幅,mhg
幅,mhgl
允,cqb
允,cq
霍,fwyf
矛,cbtr
矛,cbt
迪,mpd
迪,mp
详,yud
详,yudh
殖,gqf
殖,gqfh
碍,djg
碍,djgf
敏,txgt
扫,rv
扫,rvg
悄,nie
悄,nieg
悄,ni
薄,aig
薄,aigf
壮,ufg
井,fjk
返,rcp
返,rcpi
蒂,auph
蒂,aup
悉,ton
荷,awsk
爬,rhyc
综,xpfi
综,xp
综,xpf
荡,ainr
荡,ain
岩,mdf
叔,hicy
叔,hic
宙,pmf
宙,pm
碎,dyw
皆,xxr
皆,xxrf
菲,adj
幻,xnn
梁,ivws
梁,ivw
肩,yned
粗,oeg
粗,oegg
粗,oe
绪,xft
绪,xftj
抢,rwb
抢,rwbn
扎,rnn
凭,wtfm
耐,dmjf
甘,afd
旗,yta
旗,ytaw
渡,iya
渡,iyac
污,ifnn
污,ifn
丧,fueu
丧,fue
摄,rbcc
奴,vcy
诊,ywe
隆,btg
隆,btgg
乏,tpi
骑,cdsk
骑,cds
租,tegg
租,teg
杯,sgi
杯,sgiy
盾,rfh
盾,rfhd
秦,dwt
秦,dwtu
糊,ode
倍,wukg
倍,wuk
鸡,cqy
鸡,cqyg
吹,kqw
吹,kqwy
伏,wdy
晨,jdfe
晨,jd
晨,jdf
蛋,nhj
蛋,nhju
抬,rckg
抬,rck
矿,dyt
冬,tuu
旋,ytnh
旋,ytn
奉,dwfh
奉,dwf
御,trhb
御,trh
壁,nkuf
署,lftj
凶,qb
凶,qbk
净,uqvh
净,uqv
废,ynty
辆,lgm
迟,nyp
迟,nypi
稍,tie
艇,tetp
艇,tet
碰,duo
碰,duog
堆,fwyg
堆,fwy
润,iugg
仰,wqbh
摸,rajd
圈,lud
圈,ludb
赖,gkim
恢,ndoy
恢,ndo
邦,dtb
辑,lkb
辑,lkbg
偶,wjmy
偶,wjm
仁,wfg
贫,wvm
贫,wvmu
劲,cal
劲,caln
晓,jat
胸,eq
胸,eqq
胸,eqqb
辩,uyu
辩,uyuh
俗,wwwk
津,ivfh
胆,ejg
胆,ejgg
胆,ej
腿,eve
腿,evep
洪,iaw
灾,po
灾,pou
魂,fcrc
魂,fcr
婆,ihcv
赫,fof
赫,fofo
码,dcg
舍,wfkf
舍,wfk
穷,pwlb
穷,pwl
零,fwyc
胞,eqnn
胞,eqn
衡,tqdh
厉,ddn
厉,ddnv
呆,ksu
呆,ks
羊,udj
闹,uymh
闹,uym
鼻,thl
鼻,thlj
孤,brc
孤,br
忆,nnn
忆,nn
瑞,gmd
瑞,gmdj
拒,ran
拒,rang
横,samw
横,sam
偿,wipc
偿,wip
偿,wi
荒,aynq
泛,itp
估,wd
估,wdg
暂,lrj
炎,oo
炎,oou
累,lx
累,lxi
累,lxiu
忠,khnu
忠,khn
尖,idu
尖,id
启,ynk
启,ynkd
隔,bgk
隔,bgkh
泰,dwiu
泰,dwi
裂,gqje
映,jmdy
映,jmd
幕,ajdh
珍,gwe
珍,gw
徐,twt
徐,twty
捕,rgey
捕,rge
灰,dou
灰,do
袋,waye
挑,riqn
挑,riq
恰,nwgk
径,tcag
径,tca
聚,bcti
聚,bct
罢,lfcu
罢,lfc
缩,xpwj
缩,xpw
粮,oyve
粮,oyv
潮,ifj
潮,ifje
愈,wgen
旦,jgf
叹,kcy
伴,wuf
伴,wufh
寒,pfj
寒,pfju
繁,txgi
恨,nve
恨,nvey
恨,nv
翼,nla
翼,nlaw
淡,io
淡,ioo
淡,iooy
桥,stdj
桥,std
艾,aqu
宜,pegf
宜,peg
孔,bnn
驻,cygg
驻,cyg
驻,cy
虫,jhny
珠,griy
珠,gri
珠,gr
奔,dfaj
奔,dfa
偷,wwgj
仪,wyq
尾,ntf
狗,qtqk
狗,qtq
丹,myd
季,tbf
季,tb
奶,ve
奶,ven
杜,sfg
朗,yvce
朗,yvc
播,rtol
缘,xxey
缘,xxe
疾,utd
疾,utdi
茶,aws
泪,ihg
撤,ryc
撤,ryct
庆,ydi
庆,yd
奋,dlf
闭,uft
菜,ae
菜,aes
菜,aesu
咱,kthg
咱,kth
轰,lccu
轰,lcc
鸟,qyng
陷,bqvg
陷,bqv
牌,thgf
倾,wxd
倾,wxdm
仿,wyn
症,ugh
弗,xjk
彼,thc
彼,thcy
仙,wmh
仙,wm
签,twgi
烦,odmy
烦,odm
唱,kjj
唱,kjjg
镜,qujq
镜,quj
妙,vit
妙,vitt
患,kkhn
玛,gcg
洗,itf
洗,itfq
描,ral
役,tmc
役,tmcy
乌,qng
乌,qngd
爆,ojai
爆,oja
丈,dyi
刊,fjh
彻,tavn
涉,ihi
讯,ynf
障,buj
障,bujh
纵,xww
纵,xwwy
厚,djb
厚,djbd
绍,xvk
绍,xvkg
奖,uqdu
奖,uqd
挂,rffg
乘,tuxv
乘,tux
犹,qtdn
童,ujff
戴,falw
享,ybf
惯,nxfm
惯,nxf
融,gkmj
融,gkm
曼,jlc
曼,jlcu
债,wgmy
冒,jhf
韩,fjfh
侧,wmjh
侧,wmj
巧,agnn
拜,rdfh
厅,dsk
厅,ds
侠,wguw
侠,wgu
罚,lyj
罚,ly
袭,dxye
袭,dxy
召,vkf
墙,ffuk
懂,nat
哭,kkdu
敬,aqkt
敬,aqk
课,yjs
课,yjsy
触,qejy
勇,celb
勇,cel
符,twf
符,twfu
偏,wyna
裁,fay
裁,faye
距,kha
烧,oat
烧,oatq
汽,irn
汽,irnn
夺,dfu
夺,df
译,ycfh
译,ycf
援,ref
莱,agou
莱,ago
瓦,gny
啦,kru
啦,krug
桌,hjsu
桌,hjs
献,fmud
殊,gqri
殊,gqr
蓝,ajt
蓝,ajtl
丰,dh
丰,dhk
币,tmh
币,tmhk
汇,ian
浪,iyv
浪,iyve
妹,vfi
妹,vfiy
违,fnhp
喊,kdgt
沿,imk
纷,xwvn
纷,xwv
魔,yssc
赞,tfqm
抽,rm
抽,rmg
彩,ese
订,ys
订,ysh
阻,begg
耶,bbh
操,rkk
操,rkks
蒋,auqf
蒋,auq
麦,gtu
硬,dgjq
硬,dgj
赵,fhq
丁,sgh
拍,rrg
悲,djdn
乃,etn
末,gs
末,gsi
盟,jel
盟,jelf
摩,yssr
伸,wjh
伸,wjhh
毁,va
毁,vam
毁,vamc
梅,stxu
梅,stx
摆,rlf
猛,qtbl
宇,pgf
宽,pam
宽,pa
宽,pamq
诚,ydnt
诚,ydn
迷,op
迷,opi
培,fuk
培,fukg
残,gqg
秋,to
秋,toy
残,gqgt
姓,vtgg
姓,vtg
措,raj
狂,qtg
狂,qtgg
搞,rym
搞,rymk
圆,lkmi
舞,rlg
怒,vcn
怒,vcnu
盛,dnnl
染,ivsu
染,ivs
振,rdf
振,rdfe
雅,ahty
臣,ahn
混,ijxx
混,ijx
秀,te
秀,teb
吴,kgd
尊,usg
尊,usgf
贝,mhny
郑,udb
折,rrh
折,rr
筑,tamy
筑,tam
杰,so
页,dmu
忍,vynu
夏,dht
纯,xgb
纯,xgbn
植,sfhg
鼓,fkuc
抱,rqn
埃,fct
朱,ri
朱,rii
抵,rqa
抵,rqay
络,xtkg
络,xtk
哲,rrkf
哲,rrk
针,qfh
针,qf
灯,osh
灯,os
售,wyk
售,wykf
闪,uw
闪,uwi
潜,ifwj
潜,ifw
缓,xef
缓,xefc
申,jhk
川,kthh
麻,yss
伟,wfn
伟,wfnh
甲,lhnh
弃,yca
震,fdf
震,fdfe
延,thpd
延,thp
促,wkhy
促,wkh
街,tffh
竞,ukqb
尤,dnv
迹,yop
迹,yopi
库,ylk
轮,lwxn
轮,lwx
谷,wwkf
谷,wwk
唯,kwyg
毕,xxf
毕,xxfj
贸,qyv
套,ddu
迅,nfpk
迅,nfp
兄,kqb
绿,xvi
绿,xv
刑,gajh
侵,wvpc
侵,wvp
途,wtp
途,wtpi
扬,rnr
虎,ham
虎,hamv
虎,ha
休,wsy
休,ws
努,vcl
努,vclb
塞,pfjf
替,fwf
替,fwfj
购,mqcy
购,mqc
透,tepv
透,tep
妻,gvhv
妻,gvh
妻,gv
醒,sgj
窗,pwtq
窗,pwt
析,sr
析,srh
玩,gfq
玩,gfqn
虚,hao
虚,haog
冰,uiy
冰,ui
迎,qbpk
迎,qbp
床,ysi
刀,vnt
刀,vn
曲,ma
曲,mad
趣,fhb
趣,fhbc
赛,pfjm
齐,yjj
杨,snr
杨,sn
杨,snrt
姆,vxg
姆,vxgu
姆,vx
徒,tfhy
拥,reh
刺,gmij
刺,gmi
亿,wnn
亿,wn
忘,ynnu
稳,tqv
稳,tqvn
雄,dcwy
雄,dcw
弄,gaj
盖,ugl
盖,uglf
扩,ryt
扩,ry
爸,wqc
爸,wqcb
盘,tel
盘,telf
遭,gmap
伙,wo
伙,woy
萨,abu
萨,abut
欲,wwkw
典,mawu
典,maw
软,lqw
软,lqwy
鬼,rqc
鬼,rqci
店,yhk
店,yhkd
歌,sksw
蒙,apg
蒙,apge
弱,xux
弱,xu
弱,xuxu
访,yyn
骨,me
熟,ybvo
熟,ybv
隐,bqvn
隐,bq
戏,ca
戏,cat
握,rng
默,lfod
塔,fawk
森,sss
森,sssu
暴,jawi
暴,jaw
翻,toln
丝,xxg
祖,pye
祖,pyeg
庄,yfd
私,tcy
训,ykh
训,yk
诸,yftj
诸,yft
纸,xqa
纸,xqan
宁,psj
宁,ps
牛,rhk
坦,fjg
坦,fjgg
卷,udbb
洞,imgk
础,dbmh
础,dbm
凡,myi
凡,my
遍,ynm
馆,qnp
馆,qnpn
嘴,khx
肉,mwwi
肉,mww
篇,tyna
爷,wqbj
爷,wqb
迫,rpd
练,xan
练,xanw
午,tfj
雪,fvf
雪,fv
镇,qfhw
玉,gy
玉,gyi
顶,sdmy
顶,sdm
跳,khi
跳,khiq
束,gkii
束,gki
牙,ahte
牙,ah
牙,aht
逃,iqp
逃,iqpv
孙,biy
孙,bi
姑,vdg
姑,vd
荣,apsu
荣,aps
抓,rrhy
避,nk
避,nkup
宋,psu
谋,yafs
谋,yaf
园,lfq
园,lfqv
阴,beg
阴,be
禁,ssfi
禁,ssf
君,vtkd
借,wajg
借,waj
喝,kjqn
喝,kjq
宫,pk
宫,pkk
宫,pkkf
旁,upy
旁,upyb
堂,ipkf
健,wvfp
健,wvf
洛,itkg
洛,itk
载,fa
载,falk
载,fal
炸,oth
炸,othf
俄,wtr
俄,wtrt
卖,fnud
唐,yvhk
唐,yvh
奥,tmo
奥,tmod
岸,mdfj
伦,wwxn
伦,wwx
诺,yadk
诺,yad
授,repc
授,rep
烟,old
烟,oldy
烟,ol
勒,afl
勒,afln
博,fgef
博,fge
睡,htgf
睡,htg
睡,ht
厂,dgt
寻,vfu
寻,vf
择,rcf
择,rcfh
圣,cff
词,yngk
鲜,qgud
鲜,qgu
亡,ynv
笔,ttf
笔,tt
莫,ajdu
逐,epi
灭,goi
材,sft
材,sftt
泽,icf
泽,icfh
旅,ytey
疗,ubk
油,img
毒,gxgu
督,hich
谓,yle
谓,yleg
补,puh
补,puhy
脱,eukq
脱,euk
婚,vqaj
婚,vq
婚,vqa
招,rvk
招,rvkg
摇,rerm
摇,rer
输,lwg
顺,kdm
顺,kd
顺,kdmy
含,wynk
额,ptkm
饭,qnr
饭,qnrc
睛,hgeg
睛,hg
睛,hge
归,jv
归,jvg
妇,vvg
妇,vv
庭,ytfp
板,src
板,srcy
呀,kah
呀,ka
呀,kaht
雨,fghy
港,iawn
礼,pynn
予,cbj
吸,key
吸,ke
附,bwfy
附,bwf
乡,xte
春,dwjf
春,dwj
春,dw
叶,kfh
叶,kf
录,viu
录,vi
湖,ide
探,rpws
端,umdj
旧,hjg
旧,hj
炮,oqn
炮,oqnn
炮,oq
巨,and
忽,qrnu
忽,qrn
损,rkm
损,rkmy
票,sfiu
剧,ndjh
剧,ndj
赶,fhfk
藏,adnt
诗,yffy
诗,yff
钟,qkhh
销,qie
销,qieg
均,fqu
幸,fuf
虑,hani
虑,han
康,yvi
康,yvii
遇,jm
遇,jmhp
鲁,qgj
谢,ytm
谢,ytmf
秘,tn
秘,tnt
松,swcy
松,swc
席,yam
席,yamh
固,ldd
遗,khgp
恐,amyn
掌,ipkr
短,tdg
短,tdgu
恩,ldnu
恩,ldn
耳,bgh
耳,bghg
亦,you
智,tdkj
班,gyt
班,gytg
画,glb
画,glbj
画,gl
朋,ee
朋,eeg
娘,vyve
娘,vyv
移,tqq
移,tqqy
毫,yptn
毫,ypt
尚,imkf
县,egcu
县,egc
楼,sov
楼,sovg
缺,rmnw
缺,rmn
枪,swb
枪,swbn
贵,khgm
救,fiyt
封,fffy
渐,ilrh
渐,ilr
渐,il
剑,wgij
剑,wgi
困,ls
困,lsi
温,ijl
温,ijlg
散,aet
散,aety
梦,ssq
梦,ssqu
跑,khqn
跑,khq
屋,ngc
屋,ngcf
败,mty
测,imjh
测,imj
肯,he
肯,hef
楚,ssn
楚,ssnh
编,xyna
减,udgt
减,udg
吉,fkf
吉,fk
湾,iyo
湾,iyox
误,ykgd
误,ykg
杂,vs
杂,vsu
鱼,qgf
舰,temq
括,rtd
掉,rhjh
掉,rhj
沙,iit
沙,iitt
域,fakg
架,lks
架,lksu
野,jfcb
野,jfc
味,kfiy
味,kfi
呼,ktuh
呼,kt
呼,ktu
永,yni
露,fkhk
亮,ypmb
亮,ypm
临,jtyj
临,jty
监,jtyl
升,tak
序,ycb
良,yv
良,yve
良,yvei
丽,gmy
讨,yfy
坏,fgi
介,wjj
介,wj
姐,vegg
姐,veg
暗,ju
暗,juj
核,synw
忙,nynn
危,qdb
危,qdbb
闻,ub
闻,ubd
换,rq
换,rqmd
换,rqm
欧,aqqw
欧,aqq
慢,njl
慢,njlc
慢,nj
伯,wrg
伯,wr
付,wfy
互,gxgd
互,gx
互,gxg
货,wxmu
货,wxm
登,wgku
弟,uxh
弟,uxht
顾,dbdm
顾,dbd
顾,db
景,jy
景,jyiu
释,toc
释,toch
座,yww
宝,pgyu
宝,pgy
版,thgc
评,yguh
评,ygu
靠,tfkd
款,ffi
胡,de
胡,deg
索,fpx
索,fpxi
哥,sks
哥,sksk
洋,iu
洋,iudh
洋,iud
烈,gqjo
户,yne
央,mdi
托,rta
央,md
岛,qynm
酒,isgg
守,pfu
守,pf
敢,nbt
敢,nb
敢,nbty
顿,gbnm
块,fnw
恶,gogn
概,svcq
概,svc
脚,efcb
草,ajj
阵,blh
阵,bl
背,uxef
背,uxe
艺,anb
穿,pwat
份,wwvn
份,wwv
右,dk
右,dkf
左,da
左,daf
税,tuk
税,tukq
控,rpw
铁,qrw
铁,qr
田,lll
田,llll
著,aft
香,tjf
怪,ncfg
怪,nc
怪,ncf
优,wdn
航,tey
航,teym
岁,mqu
佛,wxj
佛,wxjh
宣,pgj
帮,dtbh
帮,dt
追,wnnp
犯,qtbn
抗,rymn
乱,tdn
副,gkl
副,gklj
执,rvyy
执,rvy
怀,ngi
怀,ng
怀,ngiy
伊,wvt
伊,wvtt
养,udyj
皇,rgf
买,nudu
银,qve
银,qvey
压,dfy
压,dfyi
免,qkqb
免,qkq
超,fhvk
超,fhv
啊,kbs
啊,kbsk
啊,kb
读,yfnd
读,yfn
刘,yj
刘,yjh
妈,vcg
妈,vc
善,uduk
坚,jcff
坚,jcf
沉,ipm
沉,ipmn
审,pjh
审,pj
审,pjhj
阶,bwjh
阶,bwj
降,btah
降,bta
降,bt
胜,etg
胜,etgg
挥,rplh
挥,rpl
皮,hc
皮,hci
修,wht
征,tgh
征,tghg
配,sgn
占,hkf
占,hk
角,qe
角,qej
协,flwy
协,flw
协,fl
灵,vo
灵,vou
富,pgk
富,pgkl
差,uda
差,udaf
检,swgi
检,sw
痛,ucek
痛,uce
余,wtu
积,tkw
宗,pfiu
宗,pfi
您,wqin
衣,ye
既,vcaq
既,vca
退,vepi
退,vep
静,geqh
静,geq
州,ytyh
担,rjg
担,rjgg
判,udjh
罪,ldjd
罪,ldj
卡,hhu
简,tuj
策,tgm
演,ipg
演,ipgw
策,tgmi
哈,kwg
哈,kwgk
村,sfy
村,sf
汉,icy
汉,ic
激,iry
激,iryt
异,naj
室,pgc
室,pgcf
句,qkd
范,aibb
范,aib
竟,ujq
竟,ujqb
略,ltk
射,tmdf
冲,ukh
冲,ukhh
洲,iyt
冷,uwyc
层,nfc
层,nfci
疑,xtdh
树,scfy
树,scf
龙,dx
龙,dxv
游,iytb
木,ssss
停,wyp
云,fcu
负,qm
负,qmu
充,yc
充,ycqb
充,ycq
模,sajd
模,saj
获,aqt
获,aqtd
警,aqky
雷,flf
欢,cqwy
欢,cqw
纳,xmw
福,pygl
福,pyg
排,rdj
排,rdjd
环,ggi
财,mf
财,mft
财,mftt
劳,aplb
劳,apl
居,ndd
居,nd
置,lfhf
习,nud
习,nu
陆,bfmh
陆,bfm
述,syp
述,sypi
待,tffy
险,bwgi
险,bwg
食,wyve
食,wyv
源,idr
卫,bgd
卫,bg
喜,fku
初,puvn
初,puv
省,ithf
省,ith
夜,ywt
波,ihc
波,ihcy
适,tdpd
适,tdp
药,ax
药,axq
药,axqy
素,gxiu
素,gxi
伤,wtln
伤,wtl
惊,nyiy
血,tld
急,qvn
送,udp
继,xonn
继,xon
继,xo
尼,nxv
尼,nx
微,tmg
微,tmgt
哪,kvfb
哪,kvf
哪,kv
若,adk
若,adkf
阳,bjg
阳,bj
益,uwlf
益,uwl
谁,ywyg
预,cbdm
预,cbd
脑,eybh
脑,eyb
拿,wgkr
股,emc
股,emcy
试,yaag
试,yaa
兰,uff
晚,jq
晚,jqk
晚,jqkq
印,qgb
印,qgbh
承,bd
承,bdi
承,bdii
错,qaj
错,qajg
久,qy
假,wnhc
假,wnh
创,wbj
创,wbjh
苦,adf
校,suq
校,suqy
弹,xujf
弹,xuj
怕,nrg
怕,nr
普,uo
普,uogj
普,uog
般,temc
般,tem
球,gfi
球,gfiy
独,qtj
独,qtjy
甚,adwn
率,yx
率,yxi
率,yxif
状,udy
毛,tfnv
毛,tfn
威,dgvt
威,dgv
刚,mqj
否,gik
否,gikf
乐,qi
乐,qii
刻,yntj
刻,ynt
速,gkip
职,bkw
职,bkwy
职,bk
脸,ewg
脸,ew
船,temk
限,bvey
限,bv
限,bve
帝,upm
帝,up
帝,upmh
坐,wwf
属,ntky
属,ntk
育,yce
育,ycef
倒,wgc
倒,wgcj
助,egln
助,egl
热,rvyo
网,mqq
破,dhc
破,dhcy
钱,qg
钱,qgt
男,llb
男,ll
仍,we
仍,wen
值,wfhg
千,tfk
细,xlg
愿,drin
细,xl
止,hh
止,hhh
止,hhhg
诉,yryy
诉,yr
诉,yry
友,dc
友,dcu
朝,fje
朝,fjeg
低,wqay
低,wqa
密,pntm
密,pnt
苏,alwu
苏,alw
父,wqu
攻,aty
攻,at
杀,qsu
举,iwf
采,esu
采,es
纪,xn
客,ptk
客,ptkf
客,pt
境,fuj
境,fujq
双,cc
斗,ufk
害,pd
害,pdh
织,xkwy
织,xkw
江,ia
江,iag
围,lfnh
米,oyty
米,oyt
米,oy
河,isk
河,iskg
按,rpvg
按,rpv
故,dty
项,adm
项,admy
群,vtk
批,rxx
批,rx
批,rxxn
依,wyey
依,wye
段,wdmc
段,wdm
京,yiu
母,xgui
母,xgu
察,pwfi
奇,dskf
绝,xqcn
绝,xqc
黄,amw
紧,jc
紧,jcxi
紧,jcx
答,tw
答,twgk
答,twg
终,xtuy
终,xtu
料,oufh
料,ouf
料,ou
型,gajf
讲,yfj
讲,yfjh
留,qyvl
施,ytbn
施,ytb
续,xfnd
续,xfn
效,uqt
供,waw
族,yttd
族,ytt
防,byn
防,by
例,wgqj
例,wgq
巴,cnh
巴,cnhn
严,god
严,godr
站,uh
站,uhkg
底,yqa
志,fn
志,fnu
跟,khve
跟,khv
音,ujf
章,ujj
够,qkqq
星,jtg
营,apkk
营,apk
责,gmu
验,cwgi
验,cwg
孩,bynw
派,irey
派,ire
兴,iwu
兴,iw
七,agn
七,ag
护,rynt
护,ryn
态,dyn
态,dynu
足,khu
律,tvfh
陈,ba
陈,baiy
陈,bai
致,gcft
敌,tdt
划,ajh
划,aj
革,afj
革,af
维,xwy
维,xwyg
黑,lfo
黑,lfou
案,pvsu
案,pvs
某,afs
投,rmcy
投,rmc
土,ffff
节,abj
节,ab
半,uf
房,ynyv
房,yny
构,sqcy
构,sqc
构,sq
众,www
古,dghg
古,dgh
希,qdm
参,cde
参,cd
参,cder
势,rvyl
推,rwyg
虽,kj
虽,kju
响,ktmk
响,ktm
红,xa
红,xag
武,gahd
武,gah
列,gqjh
列,gqj
列,gq
选,tfqp
随,bde
青,gef
落,ait
落,aitk
考,ftgn
考,ftg
仅,wcy
语,ygk
语,ygkg
注,iy
注,iygg
注,iyg
较,lu
较,luqy
较,luq
周,mfk
周,mfkd
另,klb
另,kl
尽,nyu
尽,nyuu
号,kgn
号,kgnb
费,xjm
费,xjmu
专,fny
专,fnyi
突,pwd
突,pwdu
局,nnkd
局,nnk
医,atdi
医,atd
首,uthf
首,uth
历,dlv
历,dl
引,xhh
引,xh
六,uy
六,uygy
念,wynn
图,ltui
图,ltu
吃,ktn
谈,yoo
谈,yooy
标,sfi
李,sb
李,sbf
阿,bs
阿,bsk
阿,bskg
吧,kc
吧,kcn
显,jogf
显,jog
显,jo
广,yygt
装,ufy
装,ufye
找,ra
找,rat
农,pei
除,bwty
除,bwt
曾,ulj
曾,ul
曾,uljf
早,jhn
早,jhnh
早,jh
易,jqr
易,jqrr
轻,lc
轻,lca
查,sjg
查,sj
查,sjgf
乎,tuhk
乎,tuh
委,tvf
委,tv
史,kq
史,kqi
片,thgn
片,thg
包,qn
包,qnv
吗,kcg
功,al
功,aln
八,wty
企,whf
称,tqiy
称,tqi
称,tq
写,pgn
研,dga
研,dgah
增,ful
增,fu
增,fulj
九,vtn
九,vt
须,edmy
须,edm
照,jvko
容,pwwk
容,pww
器,kkd
器,kkdk
越,fhat
越,fha
消,iieg
消,iie
视,pymq
视,pym
支,fc
支,fcu
满,iagw
精,ogeg
精,oge
断,onr
断,onrh
断,on
火,oooo
火,ooo
官,pnhn
官,pnh
官,pn
似,wny
线,xgt
线,xg
究,pwvb
究,pwv
息,thn
病,ugmw
病,ugm
复,tjt
示,fi
示,fiu
约,xqy
约,xqyy
约,xq
际,bf
际,bfiy
际,bfi
技,rfcy
技,rfc
请,ygeg
请,yge
亚,gog
亚,gogd
况,ukqn
况,ukq
离,ybmc
离,ybm
离,yb
府,ywf
整,gkih
级,xe
级,xey
级,xeyy
石,dgtg
城,fd
城,fdnt
城,fdn
华,wxfj
华,wxf
党,ipk
党,ipkq
花,awx
花,awxb
价,wwj
价,wwjh
需,fdm
百,djf
百,dj
集,wys
团,lfte
团,lft
质,rfmi
质,rfm
算,tha
算,thaj
商,umw
商,um
商,umwk
深,ipw
深,ipws
调,ymfk
调,ymf
连,lpk
兵,rgw
兵,rgwu
备,tlf
流,iyc
击,fmk
爱,epdc
爱,epd
爱,ep
字,pb
字,pbf
罗,lq
罗,lqu
具,hw
具,hwu
影,jyie
单,ujfj
台,ck
台,ckf
叫,knhh
叫,knh
叫,kn
远,fqp
未,fii
存,dhb
存,dhbd
呢,knx
呢,knxn
怎,thfn
始,vckg
始,vck
布,dmh
布,dmhj
准,uwy
准,uwyg
令,wycu
令,wyc
夫,fwi
夫,fw
转,lfn
转,lfny
失,rwi
失,rw
近,rpk
近,rp
证,yghg
证,ygh
士,fghg
英,amd
英,amdu
元,fqb
往,tygg
往,tyg
议,yyqy
议,yyq
办,lw
快,nnw
服,ebc
服,ebcy
服,eb
林,ss
林,ssy
极,seyy
极,se
亲,us
亲,usu
车,lg
车,lgn
济,iyj
每,txgu
每,txg
组,xegg
组,xeg
持,rf
持,rff
持,rffy
联,bud
联,budy
联,bu
言,yyyy
言,yyy
造,tfkp
干,fggh
根,sve
根,svey
收,nht
收,nh
改,nty
步,hir
步,hi
风,mq
飞,nui
笑,ttdu
笑,ttd
运,fcp
运,fcpi
争,qv
争,qvh
争,qvhj
导,nfu
导,nf
带,gkph
带,gkp
候,whnd
候,whn
识,ykw
让,yh
让,yhg
院,bpfq
院,bpf
切,av
切,avn
今,wynb
清,ige
清,igeg
观,cm
观,cmq
观,cmqn
师,jgm
师,jgmh
传,wfny
确,dqeh
确,dqe
共,awu
共,aw
领,wycm
术,syi
术,sy
觉,ipmq
望,yneg
格,stkg
格,stk
格,st
拉,ru
拉,rug
取,bcy
取,bc
万,dnv
规,fwm
规,fwmq
交,uq
交,uqu
该,yynw
张,xt
张,xta
张,xtay
死,gqx
死,gqxb
边,lp
边,lpv
北,uxn
北,ux
程,tkgg
据,rndg
据,rnd
求,fiyi
求,fiy
类,od
类,odu
告,tfkf
住,wygg
品,kkk
南,fmu
南,fm
南,fmuf
记,ynn
记,yn
路,kht
色,qc
色,qcb
式,aad
式,aa
设,ymc
设,ymcy
完,pfqb
完,pfq
象,qjeu
象,qje
王,ggg
思,lnu
思,ln
权,sc
权,scy
且,egd
难,cwy
且,eg
难,cw
像,wqj
像,wqje
即,vcb
强,xkj
强,xk
强,xkjy
放,yty
放,yt
光,iqb
光,iq
达,dp
达,dpi
界,lwjj
界,lwj
却,fcb
却,fcbh
白,rrr
听,krh
听,kr
则,mjh
则,mj
非,djd
书,nnh
书,nnhy
眼,hvey
眼,hv
眼,hve
基,ad
五,ggh
五,gghg
五,gg
司,ngk
司,ngkd
科,tu
马,cnng
马,cnn
马,cn
展,naei
展,nae
治,ick
治,ickg
决,unw
决,un
空,pwaf
空,pwa
空,pw
便,wgjq
便,wgj
社,py
社,pyfg
社,pyf
形,gaet
形,gae
队,bw
队,bwy
至,gcf
至,gcff
保,wksy
保,wks
保,wk
区,aqi
区,aq
统,xycq
统,xyc
许,ytfh
许,ytf
克,dq
克,dqb
指,rxj
金,qqqq
山,mmm
命,wgkb
资,uqwm
德,tfl
德,tfln
直,fh
直,fhf
市,ymhj
期,adwe
管,tpnn
管,tp
管,tpn
计,yf
件,wrhh
件,wrh
场,fnrt
必,nte
必,nt
接,ruvg
接,ruv
做,wdt
做,wdty
务,tlb
务,tl
建,vfhp
感,dgkn
再,gmfd
再,gmf
量,jg
量,jgj
量,jgjf
太,dy
目,hhhh
受,epcu
受,epc
反,rci
反,rc
结,xfk
结,xfkg
结,xf
才,fte
才,ft
报,rbcy
报,rbc
报,rb
少,itr
少,it
安,pvf
安,pv
数,ovty
数,ovt
电,jn
电,jnv
何,wskg
何,wsk
总,ukn
总,uknu
神,pyj
神,pyjh
四,lhng
四,lh
变,yocu
变,yoc
变,yo
女,vvv
打,rs
打,rsh
别,kljh
别,klj
更,gjqi
更,gjq
尔,qiu
活,itdg
活,itd
题,jghm
气,rnb
系,txi
系,txiu
平,guh
平,guhk
平,gu
条,ts
条,tsu
认,ywy
认,yw
口,kkkk
几,mt
几,mtn
入,ty
入,tyi
各,tkf
各,tk
义,yqi
义,yq
走,fhu
处,th
处,thi
论,ywx
真,fhw
名,qkf
名,qk
水,iii
水,ii
解,qevh
解,qev
员,km
员,kmu
比,xxn
比,xx
及,eyi
及,ey
立,uuu
立,uu
立,uuuu
提,rj
提,rjgh
声,fnr
东,aii
东,ai
原,dr
原,dri
儿,qt
儿,qtn
教,ftbt
通,cep
通,cepk
海,itxu
海,itx
先,tfq
常,ipkh
任,wtf
门,uyh
门,uyhn
度,yac
度,ya
度,yaci
次,uqw
位,wug
世,anv
世,an
给,xwgk
给,xwg
给,xw
老,ftxb
老,ftx
化,wx
化,wxn
表,ge
表,geu
信,wy
内,mw
内,mwi
代,wa
代,way
特,trf
回,lkd
合,wgkf
合,wgk
话,ytd
月,eeee
月,eee
斯,adwr
西,sghg
加,lkg
加,lk
果,jsi
果,js
身,tmdt
身,tmd
制,rmhj
己,nng
己,nngn
新,usr
或,ak
或,akg
或,akgd
产,ute
产,ut
产,u
等,tffu
二,fg
二,fgg
什,wfh
利,tjh
被,puhc
见,mqb
相,shg
相,sh
美,ugdu
政,ghty
政,ght
体,wsgg
体,wsg
文,yygy
头,udi
向,tmkd
向,tmk
向,tm
战,hka
战,hkat
应,yid
手,rtg
手,rt
物,trq
物,trqr
物,tr
并,ua
并,uaj
重,tgjf
重,tgj
最,jbc
最,jb
最,jbcu
很,tve
很,tvey
问,ukd
由,mh
由,mhng
间,ujd
间,uj
高,ymkf
高,ym
高,ymk
两,gmww
将,uqfy
将,uqf
外,qh
业,og
业,ogd
正,ghd
点,hko
点,hkou
关,udu
关,ud
又,cccc
又,ccc
三,dggg
三,dg
三,dgg
全,wg
全,wgf
知,tdk
知,td
性,ntg
性,ntgg
明,jeg
明,je
情,nge
情,ngeg
使,wgkq
工,aaaa
工,a
已,nnnn
此,hxn
此,hx
公,wcu
公,wc
第,txht
第,txh
第,tx
民,na
民,nav
民,n
十,fgh
机,sm
机,smn
把,rcn
长,tay
长,tayi
长,ta
与,gng
与,gn
它,px
它,pxb
力,lt
力,ltn
无,fqv
无,fq
意,ujnu
意,ujn
者,ftj
者,ftjf
军,pl
军,plj
日,jjjj
实,pudu
实,pu
实,pud
想,shn
想,shnu
从,ww
从,wwy
只,kw
只,kwu
因,ld
因,ldi
但,wjg
开,ga
开,gak
前,uejj
前,uej
前,ue
本,sg
她,vbn
心,ny
理,gjf
理,gjfg
理,gj
样,sudh
样,sud
样,su
主,y
主,ygd
主,yg
些,hxff
些,hxf
其,adwu
其,adw
部,ukb
部,ukbh
部,uk
小,ihty
小,iht
小,ih
好,vbg
好,vb
进,fjp
进,fjpk
进,fj
还,gip
还,gipi
分,wvb
分,wv
天,gdi
天,gd
定,pgh
定,pg
定,pghu
看,rhf
起,fhnv
起,fhn
面,dmjd
面,dm
动,fcl
没,imc
没,imcy
没,im
当,iv
当,ivf
现,gmqn
现,gm
现,gmq
同,mgkd
同,mgk
同,mg
同,m
都,ftjb
如,vkg
如,vk
学,ipbf
学,ip
学,ipb
法,if
法,ifc
法,ifcy
去,fcu
么,tcu
么,tc
经,xca
经,xc
经,x
多,qq
方,yy
方,yygn
成,dnnt
成,dnn
成,dn
事,gkvh
事,gkv
事,gk
种,tkhh
种,tkh
家,pe
家,peu
然,qdou
然,qdo
然,qd
所,rn
所,rnrh
行,tf
道,uthp
用,et
用,etnh
里,jfd
作,wt
作,wthf
后,rgkd
后,rgk
后,rg
发,ntc
发,ntcy
发,v
过,fpi
过,fp
年,rh
之,pp
之,ppp
之,pppp
自,thd
下,gh
下,ghi
着,udhf
着,udh
于,gf
于,gfk
得,tj
得,tjg
那,vfb
那,vfbh
子,bb
子,bbb
子,bbbb
而,dmj
而,dmjj
能,ce
能,cex
能,cexx
生,tgd
生,tg
对,cf
对,cfy
你,wqiy
你,wqi
你,wq
也,bn
也,bnhn
可,sk
可,skd
会,wfc
会,wf
会,wfcu
出,bm
出,bmk
就,yi
就,yidn
要,s
要,sv
要,svf
时,jfy
时,jf
说,yukq
说,yuk
说,yu
以,nyw
以,c
到,gc
到,gcfj
地,fbn
地,fb
地,f
国,lgyi
国,lgy
国,l
和,t
和,tkg
为,yl
为,ylyi
为,o
为,yly
大,dd
上,hhgg
上,h
上,hhg
来,go
中,kh
中,k
中,khk
们,wu
们,wun
个,whj
个,wh
这,yp
这,ypi
这,p
他,wbn
他,wb
我,q
我,trn
有,e
有,def
人,w
人,wwww
在,d
在,dhf
在,dhfd
了,b
了,bnh
不,gi
不,gii
不,i
是,jgh
是,j
是,jghu
一,ggl
一,ggll
一,g
一,gggg
的,r
的,rqy
